scenario,topology,tier_index,tier_name,mars_base_latency_s,blackout_duration_s,seed,pre_success,pre_total,during_success,during_total,post_success,post_total,avg_latency_s,first_post_blackout_s,earth_local_success,earth_local_total,mars_local_success,mars_local_total
blackout_only,sparse,0,mars,186.0,900.0,40,0,1,0,2,0,3,,,1778,1778,1980,1980
blackout_only,sparse,1,moon,186.0,900.0,40,5,5,7,7,20,20,5.131734,6.701439,1778,1778,1980,1980
blackout_only,sparse,2,leo,186.0,900.0,40,0,1,0,2,0,3,,,1778,1778,1980,1980
blackout_only,sparse,3,earth,186.0,900.0,40,5,5,8,8,21,21,0.185250,62.566834,1778,1778,1980,1980
with_repeater,sparse,0,mars,186.0,900.0,40,0,1,0,2,0,3,,,1778,1778,1980,1980
with_repeater,sparse,1,moon,186.0,900.0,40,5,5,7,7,20,20,5.132428,6.709694,1778,1778,1980,1980
with_repeater,sparse,2,leo,186.0,900.0,40,0,1,0,2,0,3,,,1778,1778,1980,1980
with_repeater,sparse,3,earth,186.0,900.0,40,5,5,8,8,21,21,0.184056,62.573825,1778,1778,1980,1980
blackout_only,sparse,0,mars,186.0,900.0,41,0,1,0,2,0,3,,,1778,1778,1980,1980
blackout_only,sparse,1,moon,186.0,900.0,41,5,5,7,7,20,20,5.130487,6.695985,1778,1778,1980,1980
blackout_only,sparse,2,leo,186.0,900.0,41,0,1,0,2,0,3,,,1778,1778,1980,1980
blackout_only,sparse,3,earth,186.0,900.0,41,5,5,8,8,21,21,0.182944,62.550779,1778,1778,1980,1980
with_repeater,sparse,0,mars,186.0,900.0,41,0,1,0,2,0,3,,,1777,1777,1980,1980
with_repeater,sparse,1,moon,186.0,900.0,41,5,5,7,7,20,20,5.129670,6.656672,1777,1777,1980,1980
with_repeater,sparse,2,leo,186.0,900.0,41,0,1,0,2,0,3,,,1777,1777,1980,1980
with_repeater,sparse,3,earth,186.0,900.0,41,5,5,8,8,21,21,0.182766,62.547364,1777,1777,1980,1980
blackout_only,sparse,0,mars,186.0,900.0,42,0,1,0,2,0,3,,,1777,1777,1980,1980
blackout_only,sparse,1,moon,186.0,900.0,42,5,5,7,7,20,20,5.131645,6.684516,1777,1777,1980,1980
blackout_only,sparse,2,leo,186.0,900.0,42,0,1,0,2,0,3,,,1777,1777,1980,1980
blackout_only,sparse,3,earth,186.0,900.0,42,5,5,8,8,21,21,0.182883,62.558123,1777,1777,1980,1980
with_repeater,sparse,0,mars,186.0,900.0,42,0,1,0,2,0,3,,,1777,1777,1980,1980
with_repeater,sparse,1,moon,186.0,900.0,42,5,5,7,7,20,20,5.130221,6.662729,1777,1777,1980,1980
with_repeater,sparse,2,leo,186.0,900.0,42,0,1,0,2,0,3,,,1777,1777,1980,1980
with_repeater,sparse,3,earth,186.0,900.0,42,5,5,8,8,21,21,0.185091,62.564562,1777,1777,1980,1980
blackout_only,sparse,0,mars,186.0,900.0,43,0,1,0,2,0,3,,,1777,1777,1980,1980
blackout_only,sparse,1,moon,186.0,900.0,43,5,5,7,7,20,20,5.133781,6.746812,1777,1777,1980,1980
blackout_only,sparse,2,leo,186.0,900.0,43,0,1,0,2,0,3,,,1777,1777,1980,1980
blackout_only,sparse,3,earth,186.0,900.0,43,5,5,8,8,21,21,0.184199,62.601212,1777,1777,1980,1980
with_repeater,sparse,0,mars,186.0,900.0,43,0,1,0,2,0,3,,,1777,1777,1980,1980
with_repeater,sparse,1,moon,186.0,900.0,43,5,5,7,7,20,20,5.130881,6.749468,1777,1777,1980,1980
with_repeater,sparse,2,leo,186.0,900.0,43,0,1,0,2,0,3,,,1777,1777,1980,1980
with_repeater,sparse,3,earth,186.0,900.0,43,5,5,8,8,21,21,0.181262,62.592505,1777,1777,1980,1980
blackout_only,sparse,0,mars,186.0,900.0,44,0,1,0,2,0,3,,,1777,1777,1980,1980
blackout_only,sparse,1,moon,186.0,900.0,44,5,5,7,7,20,20,5.131286,6.739616,1777,1777,1980,1980
blackout_only,sparse,2,leo,186.0,900.0,44,0,1,0,2,0,3,,,1777,1777,1980,1980
blackout_only,sparse,3,earth,186.0,900.0,44,5,5,8,8,21,21,0.184079,62.575783,1777,1777,1980,1980
with_repeater,sparse,0,mars,186.0,900.0,44,0,1,0,2,0,3,,,1777,1777,1980,1980
with_repeater,sparse,1,moon,186.0,900.0,44,5,5,7,7,20,20,5.130658,6.640703,1777,1777,1980,1980
with_repeater,sparse,2,leo,186.0,900.0,44,0,1,0,2,0,3,,,1777,1777,1980,1980
with_repeater,sparse,3,earth,186.0,900.0,44,5,5,8,8,21,21,0.182866,62.593315,1777,1777,1980,1980
blackout_only,sparse,0,mars,186.0,900.0,45,0,1,0,2,0,3,,,1777,1777,1980,1980
blackout_only,sparse,1,moon,186.0,900.0,45,5,5,7,7,20,20,5.129686,6.651936,1777,1777,1980,1980
blackout_only,sparse,2,leo,186.0,900.0,45,0,1,0,2,0,3,,,1777,1777,1980,1980
blackout_only,sparse,3,earth,186.0,900.0,45,5,5,8,8,21,21,0.181183,62.561842,1777,1777,1980,1980
with_repeater,sparse,0,mars,186.0,900.0,45,0,1,0,2,0,3,,,1777,1777,1980,1980
with_repeater,sparse,1,moon,186.0,900.0,45,5,5,7,7,20,20,5.128672,6.649283,1777,1777,1980,1980
with_repeater,sparse,2,leo,186.0,900.0,45,0,1,0,2,0,3,,,1777,1777,1980,1980
with_repeater,sparse,3,earth,186.0,900.0,45,5,5,8,8,21,21,0.183762,62.570122,1777,1777,1980,1980
blackout_only,sparse,0,mars,186.0,900.0,46,0,1,0,2,0,3,,,1778,1778,1980,1980
blackout_only,sparse,1,moon,186.0,900.0,46,5,5,7,7,20,20,5.129853,6.727811,1778,1778,1980,1980
blackout_only,sparse,2,leo,186.0,900.0,46,0,1,0,2,0,3,,,1778,1778,1980,1980
blackout_only,sparse,3,earth,186.0,900.0,46,5,5,8,8,21,21,0.184025,62.555236,1778,1778,1980,1980
with_repeater,sparse,0,mars,186.0,900.0,46,0,1,0,2,0,3,,,1778,1778,1980,1980
with_repeater,sparse,1,moon,186.0,900.0,46,5,5,7,7,20,20,5.133937,6.764302,1778,1778,1980,1980
with_repeater,sparse,2,leo,186.0,900.0,46,0,1,0,2,0,3,,,1778,1778,1980,1980
with_repeater,sparse,3,earth,186.0,900.0,46,5,5,8,8,21,21,0.183063,62.535745,1778,1778,1980,1980
blackout_only,sparse,0,mars,186.0,900.0,47,0,1,0,2,0,3,,,1778,1778,1980,1980
blackout_only,sparse,1,moon,186.0,900.0,47,5,5,7,7,20,20,5.133577,6.761911,1778,1778,1980,1980
blackout_only,sparse,2,leo,186.0,900.0,47,0,1,0,2,0,3,,,1778,1778,1980,1980
blackout_only,sparse,3,earth,186.0,900.0,47,5,5,8,8,21,21,0.183206,62.548082,1778,1778,1980,1980
with_repeater,sparse,0,mars,186.0,900.0,47,0,1,0,2,0,3,,,1778,1778,1980,1980
with_repeater,sparse,1,moon,186.0,900.0,47,5,5,7,7,20,20,5.133489,6.748043,1778,1778,1980,1980
with_repeater,sparse,2,leo,186.0,900.0,47,0,1,0,2,0,3,,,1778,1778,1980,1980
with_repeater,sparse,3,earth,186.0,900.0,47,5,5,8,8,21,21,0.182976,62.582134,1778,1778,1980,1980
blackout_only,sparse,0,mars,186.0,900.0,48,0,1,0,2,0,3,,,1777,1777,1980,1980
blackout_only,sparse,1,moon,186.0,900.0,48,5,5,7,7,20,20,5.131284,6.705216,1777,1777,1980,1980
blackout_only,sparse,2,leo,186.0,900.0,48,0,1,0,2,0,3,,,1777,1777,1980,1980
blackout_only,sparse,3,earth,186.0,900.0,48,5,5,8,8,21,21,0.183032,62.554421,1777,1777,1980,1980
with_repeater,sparse,0,mars,186.0,900.0,48,0,1,0,2,0,3,,,1777,1777,1980,1980
with_repeater,sparse,1,moon,186.0,900.0,48,5,5,7,7,20,20,5.132082,6.716073,1777,1777,1980,1980
with_repeater,sparse,2,leo,186.0,900.0,48,0,1,0,2,0,3,,,1777,1777,1980,1980
with_repeater,sparse,3,earth,186.0,900.0,48,5,5,8,8,21,21,0.183732,62.561936,1777,1777,1980,1980
blackout_only,sparse,0,mars,186.0,900.0,49,0,1,0,2,0,3,,,1778,1778,1980,1980
blackout_only,sparse,1,moon,186.0,900.0,49,5,5,7,7,20,20,5.131112,6.723032,1778,1778,1980,1980
blackout_only,sparse,2,leo,186.0,900.0,49,0,1,0,2,0,3,,,1778,1778,1980,1980
blackout_only,sparse,3,earth,186.0,900.0,49,5,5,8,8,21,21,0.182041,62.564602,1778,1778,1980,1980
with_repeater,sparse,0,mars,186.0,900.0,49,0,1,0,2,0,3,,,1777,1777,1980,1980
with_repeater,sparse,1,moon,186.0,900.0,49,5,5,7,7,20,20,5.129520,6.697331,1777,1777,1980,1980
with_repeater,sparse,2,leo,186.0,900.0,49,0,1,0,2,0,3,,,1777,1777,1980,1980
with_repeater,sparse,3,earth,186.0,900.0,49,5,5,8,8,21,21,0.182731,62.562345,1777,1777,1980,1980
blackout_only,sparse,0,mars,186.0,900.0,50,0,1,0,2,0,3,,,1777,1777,1980,1980
blackout_only,sparse,1,moon,186.0,900.0,50,5,5,7,7,20,20,5.133516,6.774344,1777,1777,1980,1980
blackout_only,sparse,2,leo,186.0,900.0,50,0,1,0,2,0,3,,,1777,1777,1980,1980
blackout_only,sparse,3,earth,186.0,900.0,50,5,5,8,8,21,21,0.180258,62.494117,1777,1777,1980,1980
with_repeater,sparse,0,mars,186.0,900.0,50,0,1,0,2,0,3,,,1777,1777,1980,1980
with_repeater,sparse,1,moon,186.0,900.0,50,5,5,7,7,20,20,5.131579,6.700710,1777,1777,1980,1980
with_repeater,sparse,2,leo,186.0,900.0,50,0,1,0,2,0,3,,,1777,1777,1980,1980
with_repeater,sparse,3,earth,186.0,900.0,50,5,5,8,8,21,21,0.183607,62.579781,1777,1777,1980,1980
blackout_only,sparse,0,mars,186.0,900.0,51,0,1,0,2,0,3,,,1777,1777,1980,1980
blackout_only,sparse,1,moon,186.0,900.0,51,5,5,7,7,20,20,5.131108,6.662779,1777,1777,1980,1980
blackout_only,sparse,2,leo,186.0,900.0,51,0,1,0,2,0,3,,,1777,1777,1980,1980
blackout_only,sparse,3,earth,186.0,900.0,51,5,5,8,8,21,21,0.186403,62.583927,1777,1777,1980,1980
with_repeater,sparse,0,mars,186.0,900.0,51,0,1,0,2,0,3,,,1777,1777,1980,1980
with_repeater,sparse,1,moon,186.0,900.0,51,5,5,7,7,20,20,5.129040,6.696857,1777,1777,1980,1980
with_repeater,sparse,2,leo,186.0,900.0,51,0,1,0,2,0,3,,,1777,1777,1980,1980
with_repeater,sparse,3,earth,186.0,900.0,51,5,5,8,8,21,21,0.181831,62.538164,1777,1777,1980,1980
blackout_only,sparse,0,mars,186.0,900.0,52,0,1,0,2,0,3,,,1777,1777,1980,1980
blackout_only,sparse,1,moon,186.0,900.0,52,5,5,7,7,20,20,5.130372,6.684343,1777,1777,1980,1980
blackout_only,sparse,2,leo,186.0,900.0,52,0,1,0,2,0,3,,,1777,1777,1980,1980
blackout_only,sparse,3,earth,186.0,900.0,52,5,5,8,8,21,21,0.182947,62.533212,1777,1777,1980,1980
with_repeater,sparse,0,mars,186.0,900.0,52,0,1,0,2,0,3,,,1778,1778,1980,1980
with_repeater,sparse,1,moon,186.0,900.0,52,5,5,7,7,20,20,5.128715,6.705056,1778,1778,1980,1980
with_repeater,sparse,2,leo,186.0,900.0,52,0,1,0,2,0,3,,,1778,1778,1980,1980
with_repeater,sparse,3,earth,186.0,900.0,52,5,5,8,8,21,21,0.181777,62.566766,1778,1778,1980,1980
blackout_only,sparse,0,mars,186.0,900.0,53,0,1,0,2,0,3,,,1777,1777,1980,1980
blackout_only,sparse,1,moon,186.0,900.0,53,5,5,7,7,20,20,5.131225,6.731419,1777,1777,1980,1980
blackout_only,sparse,2,leo,186.0,900.0,53,0,1,0,2,0,3,,,1777,1777,1980,1980
blackout_only,sparse,3,earth,186.0,900.0,53,5,5,8,8,21,21,0.180916,62.562709,1777,1777,1980,1980
with_repeater,sparse,0,mars,186.0,900.0,53,0,1,0,2,0,3,,,1777,1777,1980,1980
with_repeater,sparse,1,moon,186.0,900.0,53,5,5,7,7,20,20,5.131229,6.687109,1777,1777,1980,1980
with_repeater,sparse,2,leo,186.0,900.0,53,0,1,0,2,0,3,,,1777,1777,1980,1980
with_repeater,sparse,3,earth,186.0,900.0,53,5,5,8,8,21,21,0.183039,62.520455,1777,1777,1980,1980
blackout_only,sparse,0,mars,186.0,900.0,54,0,1,0,2,0,3,,,1777,1777,1980,1980
blackout_only,sparse,1,moon,186.0,900.0,54,5,5,7,7,20,20,5.127845,6.665007,1777,1777,1980,1980
blackout_only,sparse,2,leo,186.0,900.0,54,0,1,0,2,0,3,,,1777,1777,1980,1980
blackout_only,sparse,3,earth,186.0,900.0,54,5,5,8,8,21,21,0.183120,62.589823,1777,1777,1980,1980
with_repeater,sparse,0,mars,186.0,900.0,54,0,1,0,2,0,3,,,1777,1777,1980,1980
with_repeater,sparse,1,moon,186.0,900.0,54,5,5,7,7,20,20,5.130230,6.694573,1777,1777,1980,1980
with_repeater,sparse,2,leo,186.0,900.0,54,0,1,0,2,0,3,,,1777,1777,1980,1980
with_repeater,sparse,3,earth,186.0,900.0,54,5,5,8,8,21,21,0.184451,62.520485,1777,1777,1980,1980
blackout_only,sparse,0,mars,186.0,900.0,55,0,1,0,2,0,3,,,1777,1777,1980,1980
blackout_only,sparse,1,moon,186.0,900.0,55,5,5,7,7,20,20,5.131022,6.705536,1777,1777,1980,1980
blackout_only,sparse,2,leo,186.0,900.0,55,0,1,0,2,0,3,,,1777,1777,1980,1980
blackout_only,sparse,3,earth,186.0,900.0,55,5,5,8,8,21,21,0.180719,62.534923,1777,1777,1980,1980
with_repeater,sparse,0,mars,186.0,900.0,55,0,1,0,2,0,3,,,1777,1777,1980,1980
with_repeater,sparse,1,moon,186.0,900.0,55,5,5,7,7,20,20,5.132839,6.687882,1777,1777,1980,1980
with_repeater,sparse,2,leo,186.0,900.0,55,0,1,0,2,0,3,,,1777,1777,1980,1980
with_repeater,sparse,3,earth,186.0,900.0,55,5,5,8,8,21,21,0.182334,62.561180,1777,1777,1980,1980
blackout_only,sparse,0,mars,186.0,900.0,56,0,1,0,2,0,3,,,1777,1777,1980,1980
blackout_only,sparse,1,moon,186.0,900.0,56,5,5,7,7,20,20,5.131178,6.721294,1777,1777,1980,1980
blackout_only,sparse,2,leo,186.0,900.0,56,0,1,0,2,0,3,,,1777,1777,1980,1980
blackout_only,sparse,3,earth,186.0,900.0,56,5,5,8,8,21,21,0.182419,62.566487,1777,1777,1980,1980
with_repeater,sparse,0,mars,186.0,900.0,56,0,1,0,2,0,3,,,1778,1778,1980,1980
with_repeater,sparse,1,moon,186.0,900.0,56,5,5,7,7,20,20,5.131556,6.665539,1778,1778,1980,1980
with_repeater,sparse,2,leo,186.0,900.0,56,0,1,0,2,0,3,,,1778,1778,1980,1980
with_repeater,sparse,3,earth,186.0,900.0,56,5,5,8,8,21,21,0.182972,62.570775,1778,1778,1980,1980
blackout_only,sparse,0,mars,186.0,900.0,57,0,1,0,2,0,3,,,1777,1777,1980,1980
blackout_only,sparse,1,moon,186.0,900.0,57,5,5,7,7,20,20,5.132196,6.715155,1777,1777,1980,1980
blackout_only,sparse,2,leo,186.0,900.0,57,0,1,0,2,0,3,,,1777,1777,1980,1980
blackout_only,sparse,3,earth,186.0,900.0,57,5,5,8,8,21,21,0.182659,62.534214,1777,1777,1980,1980
with_repeater,sparse,0,mars,186.0,900.0,57,0,1,0,2,0,3,,,1777,1777,1980,1980
with_repeater,sparse,1,moon,186.0,900.0,57,5,5,7,7,20,20,5.131610,6.734228,1777,1777,1980,1980
with_repeater,sparse,2,leo,186.0,900.0,57,0,1,0,2,0,3,,,1777,1777,1980,1980
with_repeater,sparse,3,earth,186.0,900.0,57,5,5,8,8,21,21,0.181680,62.562627,1777,1777,1980,1980
blackout_only,sparse,0,mars,186.0,900.0,58,0,1,0,2,0,3,,,1777,1777,1980,1980
blackout_only,sparse,1,moon,186.0,900.0,58,5,5,7,7,20,20,5.130533,6.733896,1777,1777,1980,1980
blackout_only,sparse,2,leo,186.0,900.0,58,0,1,0,2,0,3,,,1777,1777,1980,1980
blackout_only,sparse,3,earth,186.0,900.0,58,5,5,8,8,21,21,0.183019,62.536065,1777,1777,1980,1980
with_repeater,sparse,0,mars,186.0,900.0,58,0,1,0,2,0,3,,,1777,1777,1980,1980
with_repeater,sparse,1,moon,186.0,900.0,58,5,5,7,7,20,20,5.132120,6.723386,1777,1777,1980,1980
with_repeater,sparse,2,leo,186.0,900.0,58,0,1,0,2,0,3,,,1777,1777,1980,1980
with_repeater,sparse,3,earth,186.0,900.0,58,5,5,8,8,21,21,0.184774,62.577695,1777,1777,1980,1980
blackout_only,sparse,0,mars,186.0,900.0,59,0,1,0,2,0,3,,,1777,1777,1980,1980
blackout_only,sparse,1,moon,186.0,900.0,59,5,5,7,7,20,20,5.130814,6.736764,1777,1777,1980,1980
blackout_only,sparse,2,leo,186.0,900.0,59,0,1,0,2,0,3,,,1777,1777,1980,1980
blackout_only,sparse,3,earth,186.0,900.0,59,5,5,8,8,21,21,0.181162,62.510812,1777,1777,1980,1980
with_repeater,sparse,0,mars,186.0,900.0,59,0,1,0,2,0,3,,,1777,1777,1980,1980
with_repeater,sparse,1,moon,186.0,900.0,59,5,5,7,7,20,20,5.131974,6.731985,1777,1777,1980,1980
with_repeater,sparse,2,leo,186.0,900.0,59,0,1,0,2,0,3,,,1777,1777,1980,1980
with_repeater,sparse,3,earth,186.0,900.0,59,5,5,8,8,21,21,0.181056,62.538396,1777,1777,1980,1980
blackout_only,sparse,0,mars,186.0,900.0,60,0,1,0,2,0,3,,,1777,1777,1980,1980
blackout_only,sparse,1,moon,186.0,900.0,60,5,5,7,7,20,20,5.128712,6.690965,1777,1777,1980,1980
blackout_only,sparse,2,leo,186.0,900.0,60,0,1,0,2,0,3,,,1777,1777,1980,1980
blackout_only,sparse,3,earth,186.0,900.0,60,5,5,8,8,21,21,0.183353,62.573371,1777,1777,1980,1980
with_repeater,sparse,0,mars,186.0,900.0,60,0,1,0,2,0,3,,,1777,1777,1980,1980
with_repeater,sparse,1,moon,186.0,900.0,60,5,5,7,7,20,20,5.131702,6.703954,1777,1777,1980,1980
with_repeater,sparse,2,leo,186.0,900.0,60,0,1,0,2,0,3,,,1777,1777,1980,1980
with_repeater,sparse,3,earth,186.0,900.0,60,5,5,8,8,21,21,0.181674,62.530735,1777,1777,1980,1980
blackout_only,sparse,0,mars,186.0,900.0,61,0,1,0,2,0,3,,,1778,1778,1980,1980
blackout_only,sparse,1,moon,186.0,900.0,61,5,5,7,7,20,20,5.131393,6.700384,1778,1778,1980,1980
blackout_only,sparse,2,leo,186.0,900.0,61,0,1,0,2,0,3,,,1778,1778,1980,1980
blackout_only,sparse,3,earth,186.0,900.0,61,5,5,8,8,21,21,0.182567,62.544356,1778,1778,1980,1980
with_repeater,sparse,0,mars,186.0,900.0,61,0,1,0,2,0,3,,,1777,1777,1980,1980
with_repeater,sparse,1,moon,186.0,900.0,61,5,5,7,7,20,20,5.131882,6.742314,1777,1777,1980,1980
with_repeater,sparse,2,leo,186.0,900.0,61,0,1,0,2,0,3,,,1777,1777,1980,1980
with_repeater,sparse,3,earth,186.0,900.0,61,5,5,8,8,21,21,0.184709,62.588232,1777,1777,1980,1980
blackout_only,sparse,0,mars,186.0,900.0,62,0,1,0,2,0,3,,,1778,1778,1980,1980
blackout_only,sparse,1,moon,186.0,900.0,62,5,5,7,7,20,20,5.131602,6.708200,1778,1778,1980,1980
blackout_only,sparse,2,leo,186.0,900.0,62,0,1,0,2,0,3,,,1778,1778,1980,1980
blackout_only,sparse,3,earth,186.0,900.0,62,5,5,8,8,21,21,0.180138,62.496103,1778,1778,1980,1980
with_repeater,sparse,0,mars,186.0,900.0,62,0,1,0,2,0,3,,,1777,1777,1980,1980
with_repeater,sparse,1,moon,186.0,900.0,62,5,5,7,7,20,20,5.130933,6.704409,1777,1777,1980,1980
with_repeater,sparse,2,leo,186.0,900.0,62,0,1,0,2,0,3,,,1777,1777,1980,1980
with_repeater,sparse,3,earth,186.0,900.0,62,5,5,8,8,21,21,0.181336,62.525546,1777,1777,1980,1980
blackout_only,sparse,0,mars,186.0,900.0,63,0,1,0,2,0,3,,,1778,1778,1980,1980
blackout_only,sparse,1,moon,186.0,900.0,63,5,5,7,7,20,20,5.130676,6.714281,1778,1778,1980,1980
blackout_only,sparse,2,leo,186.0,900.0,63,0,1,0,2,0,3,,,1778,1778,1980,1980
blackout_only,sparse,3,earth,186.0,900.0,63,5,5,8,8,21,21,0.185218,62.625075,1778,1778,1980,1980
with_repeater,sparse,0,mars,186.0,900.0,63,0,1,0,2,0,3,,,1778,1778,1980,1980
with_repeater,sparse,1,moon,186.0,900.0,63,5,5,7,7,20,20,5.128183,6.695428,1778,1778,1980,1980
with_repeater,sparse,2,leo,186.0,900.0,63,0,1,0,2,0,3,,,1778,1778,1980,1980
with_repeater,sparse,3,earth,186.0,900.0,63,5,5,8,8,21,21,0.183732,62.575253,1778,1778,1980,1980
blackout_only,sparse,0,mars,186.0,900.0,64,0,1,0,2,0,3,,,1777,1777,1980,1980
blackout_only,sparse,1,moon,186.0,900.0,64,5,5,7,7,20,20,5.132704,6.731914,1777,1777,1980,1980
blackout_only,sparse,2,leo,186.0,900.0,64,0,1,0,2,0,3,,,1777,1777,1980,1980
blackout_only,sparse,3,earth,186.0,900.0,64,5,5,8,8,21,21,0.182900,62.594178,1777,1777,1980,1980
with_repeater,sparse,0,mars,186.0,900.0,64,0,1,0,2,0,3,,,1777,1777,1980,1980
with_repeater,sparse,1,moon,186.0,900.0,64,5,5,7,7,20,20,5.131013,6.717647,1777,1777,1980,1980
with_repeater,sparse,2,leo,186.0,900.0,64,0,1,0,2,0,3,,,1777,1777,1980,1980
with_repeater,sparse,3,earth,186.0,900.0,64,5,5,8,8,21,21,0.183305,62.599690,1777,1777,1980,1980
blackout_only,sparse,0,mars,186.0,900.0,65,0,1,0,2,0,3,,,1777,1777,1980,1980
blackout_only,sparse,1,moon,186.0,900.0,65,5,5,7,7,20,20,5.130280,6.692878,1777,1777,1980,1980
blackout_only,sparse,2,leo,186.0,900.0,65,0,1,0,2,0,3,,,1777,1777,1980,1980
blackout_only,sparse,3,earth,186.0,900.0,65,5,5,8,8,21,21,0.184723,62.577215,1777,1777,1980,1980
with_repeater,sparse,0,mars,186.0,900.0,65,0,1,0,2,0,3,,,1777,1777,1980,1980
with_repeater,sparse,1,moon,186.0,900.0,65,5,5,7,7,20,20,5.132861,6.754130,1777,1777,1980,1980
with_repeater,sparse,2,leo,186.0,900.0,65,0,1,0,2,0,3,,,1777,1777,1980,1980
with_repeater,sparse,3,earth,186.0,900.0,65,5,5,8,8,21,21,0.183313,62.569660,1777,1777,1980,1980
blackout_only,sparse,0,mars,186.0,900.0,66,0,1,0,2,0,3,,,1778,1778,1980,1980
blackout_only,sparse,1,moon,186.0,900.0,66,5,5,7,7,20,20,5.131511,6.723204,1778,1778,1980,1980
blackout_only,sparse,2,leo,186.0,900.0,66,0,1,0,2,0,3,,,1778,1778,1980,1980
blackout_only,sparse,3,earth,186.0,900.0,66,5,5,8,8,21,21,0.183777,62.567039,1778,1778,1980,1980
with_repeater,sparse,0,mars,186.0,900.0,66,0,1,0,2,0,3,,,1778,1778,1980,1980
with_repeater,sparse,1,moon,186.0,900.0,66,5,5,7,7,20,20,5.131804,6.692088,1778,1778,1980,1980
with_repeater,sparse,2,leo,186.0,900.0,66,0,1,0,2,0,3,,,1778,1778,1980,1980
with_repeater,sparse,3,earth,186.0,900.0,66,5,5,8,8,21,21,0.180403,62.532348,1778,1778,1980,1980
blackout_only,sparse,0,mars,186.0,900.0,67,0,1,0,2,0,3,,,1777,1777,1980,1980
blackout_only,sparse,1,moon,186.0,900.0,67,5,5,7,7,20,20,5.133109,6.766728,1777,1777,1980,1980
blackout_only,sparse,2,leo,186.0,900.0,67,0,1,0,2,0,3,,,1777,1777,1980,1980
blackout_only,sparse,3,earth,186.0,900.0,67,5,5,8,8,21,21,0.183069,62.518837,1777,1777,1980,1980
with_repeater,sparse,0,mars,186.0,900.0,67,0,1,0,2,0,3,,,1777,1777,1980,1980
with_repeater,sparse,1,moon,186.0,900.0,67,5,5,7,7,20,20,5.132442,6.721950,1777,1777,1980,1980
with_repeater,sparse,2,leo,186.0,900.0,67,0,1,0,2,0,3,,,1777,1777,1980,1980
with_repeater,sparse,3,earth,186.0,900.0,67,5,5,8,8,21,21,0.183709,62.587961,1777,1777,1980,1980
blackout_only,sparse,0,mars,186.0,900.0,68,0,1,0,2,0,3,,,1777,1777,1980,1980
blackout_only,sparse,1,moon,186.0,900.0,68,5,5,7,7,20,20,5.129615,6.701774,1777,1777,1980,1980
blackout_only,sparse,2,leo,186.0,900.0,68,0,1,0,2,0,3,,,1777,1777,1980,1980
blackout_only,sparse,3,earth,186.0,900.0,68,5,5,8,8,21,21,0.182821,62.515957,1777,1777,1980,1980
with_repeater,sparse,0,mars,186.0,900.0,68,0,1,0,2,0,3,,,1777,1777,1980,1980
with_repeater,sparse,1,moon,186.0,900.0,68,5,5,7,7,20,20,5.130716,6.677080,1777,1777,1980,1980
with_repeater,sparse,2,leo,186.0,900.0,68,0,1,0,2,0,3,,,1777,1777,1980,1980
with_repeater,sparse,3,earth,186.0,900.0,68,5,5,8,8,21,21,0.181086,62.532170,1777,1777,1980,1980
blackout_only,sparse,0,mars,186.0,900.0,69,0,1,0,2,0,3,,,1777,1777,1980,1980
blackout_only,sparse,1,moon,186.0,900.0,69,5,5,7,7,20,20,5.131715,6.766673,1777,1777,1980,1980
blackout_only,sparse,2,leo,186.0,900.0,69,0,1,0,2,0,3,,,1777,1777,1980,1980
blackout_only,sparse,3,earth,186.0,900.0,69,5,5,8,8,21,21,0.182654,62.579776,1777,1777,1980,1980
with_repeater,sparse,0,mars,186.0,900.0,69,0,1,0,2,0,3,,,1777,1777,1980,1980
with_repeater,sparse,1,moon,186.0,900.0,69,5,5,7,7,20,20,5.132707,6.726839,1777,1777,1980,1980
with_repeater,sparse,2,leo,186.0,900.0,69,0,1,0,2,0,3,,,1777,1777,1980,1980
with_repeater,sparse,3,earth,186.0,900.0,69,5,5,8,8,21,21,0.180479,62.501418,1777,1777,1980,1980
blackout_only,sparse,0,mars,186.0,900.0,70,0,1,0,2,0,3,,,1778,1778,1980,1980
blackout_only,sparse,1,moon,186.0,900.0,70,5,5,7,7,20,20,5.132607,6.750399,1778,1778,1980,1980
blackout_only,sparse,2,leo,186.0,900.0,70,0,1,0,2,0,3,,,1778,1778,1980,1980
blackout_only,sparse,3,earth,186.0,900.0,70,5,5,8,8,21,21,0.183186,62.610398,1778,1778,1980,1980
with_repeater,sparse,0,mars,186.0,900.0,70,0,1,0,2,0,3,,,1778,1778,1980,1980
with_repeater,sparse,1,moon,186.0,900.0,70,5,5,7,7,20,20,5.132420,6.744420,1778,1778,1980,1980
with_repeater,sparse,2,leo,186.0,900.0,70,0,1,0,2,0,3,,,1778,1778,1980,1980
with_repeater,sparse,3,earth,186.0,900.0,70,5,5,8,8,21,21,0.183120,62.572495,1778,1778,1980,1980
blackout_only,sparse,0,mars,186.0,900.0,71,0,1,0,2,0,3,,,1777,1777,1980,1980
blackout_only,sparse,1,moon,186.0,900.0,71,5,5,7,7,20,20,5.129678,6.717473,1777,1777,1980,1980
blackout_only,sparse,2,leo,186.0,900.0,71,0,1,0,2,0,3,,,1777,1777,1980,1980
blackout_only,sparse,3,earth,186.0,900.0,71,5,5,8,8,21,21,0.182547,62.557972,1777,1777,1980,1980
with_repeater,sparse,0,mars,186.0,900.0,71,0,1,0,2,0,3,,,1777,1777,1980,1980
with_repeater,sparse,1,moon,186.0,900.0,71,5,5,7,7,20,20,5.132195,6.747061,1777,1777,1980,1980
with_repeater,sparse,2,leo,186.0,900.0,71,0,1,0,2,0,3,,,1777,1777,1980,1980
with_repeater,sparse,3,earth,186.0,900.0,71,5,5,8,8,21,21,0.181722,62.541249,1777,1777,1980,1980
blackout_only,sparse,0,mars,186.0,900.0,72,0,1,0,2,0,3,,,1777,1777,1980,1980
blackout_only,sparse,1,moon,186.0,900.0,72,5,5,7,7,20,20,5.131509,6.659382,1777,1777,1980,1980
blackout_only,sparse,2,leo,186.0,900.0,72,0,1,0,2,0,3,,,1777,1777,1980,1980
blackout_only,sparse,3,earth,186.0,900.0,72,5,5,8,8,21,21,0.182673,62.580592,1777,1777,1980,1980
with_repeater,sparse,0,mars,186.0,900.0,72,0,1,0,2,0,3,,,1777,1777,1980,1980
with_repeater,sparse,1,moon,186.0,900.0,72,5,5,7,7,20,20,5.130416,6.669511,1777,1777,1980,1980
with_repeater,sparse,2,leo,186.0,900.0,72,0,1,0,2,0,3,,,1777,1777,1980,1980
with_repeater,sparse,3,earth,186.0,900.0,72,5,5,8,8,21,21,0.181982,62.543753,1777,1777,1980,1980
blackout_only,sparse,0,mars,186.0,900.0,73,0,1,0,2,0,3,,,1778,1778,1980,1980
blackout_only,sparse,1,moon,186.0,900.0,73,5,5,7,7,20,20,5.129218,6.641198,1778,1778,1980,1980
blackout_only,sparse,2,leo,186.0,900.0,73,0,1,0,2,0,3,,,1778,1778,1980,1980
blackout_only,sparse,3,earth,186.0,900.0,73,5,5,8,8,21,21,0.180564,62.503383,1778,1778,1980,1980
with_repeater,sparse,0,mars,186.0,900.0,73,0,1,0,2,0,3,,,1778,1778,1980,1980
with_repeater,sparse,1,moon,186.0,900.0,73,5,5,7,7,20,20,5.133072,6.714617,1778,1778,1980,1980
with_repeater,sparse,2,leo,186.0,900.0,73,0,1,0,2,0,3,,,1778,1778,1980,1980
with_repeater,sparse,3,earth,186.0,900.0,73,5,5,8,8,21,21,0.179450,62.515241,1778,1778,1980,1980
blackout_only,sparse,0,mars,186.0,900.0,74,0,1,0,2,0,3,,,1777,1777,1980,1980
blackout_only,sparse,1,moon,186.0,900.0,74,5,5,7,7,20,20,5.132005,6.717805,1777,1777,1980,1980
blackout_only,sparse,2,leo,186.0,900.0,74,0,1,0,2,0,3,,,1777,1777,1980,1980
blackout_only,sparse,3,earth,186.0,900.0,74,5,5,8,8,21,21,0.184404,62.588039,1777,1777,1980,1980
with_repeater,sparse,0,mars,186.0,900.0,74,0,1,0,2,0,3,,,1777,1777,1980,1980
with_repeater,sparse,1,moon,186.0,900.0,74,5,5,7,7,20,20,5.132787,6.695227,1777,1777,1980,1980
with_repeater,sparse,2,leo,186.0,900.0,74,0,1,0,2,0,3,,,1777,1777,1980,1980
with_repeater,sparse,3,earth,186.0,900.0,74,5,5,8,8,21,21,0.182756,62.561783,1777,1777,1980,1980
blackout_only,sparse,0,mars,186.0,900.0,75,0,1,0,2,0,3,,,1777,1777,1980,1980
blackout_only,sparse,1,moon,186.0,900.0,75,5,5,7,7,20,20,5.130419,6.713235,1777,1777,1980,1980
blackout_only,sparse,2,leo,186.0,900.0,75,0,1,0,2,0,3,,,1777,1777,1980,1980
blackout_only,sparse,3,earth,186.0,900.0,75,5,5,8,8,21,21,0.181455,62.526546,1777,1777,1980,1980
with_repeater,sparse,0,mars,186.0,900.0,75,0,1,0,2,0,3,,,1778,1778,1980,1980
with_repeater,sparse,1,moon,186.0,900.0,75,5,5,7,7,20,20,5.131135,6.721323,1778,1778,1980,1980
with_repeater,sparse,2,leo,186.0,900.0,75,0,1,0,2,0,3,,,1778,1778,1980,1980
with_repeater,sparse,3,earth,186.0,900.0,75,5,5,8,8,21,21,0.184238,62.582899,1778,1778,1980,1980
blackout_only,sparse,0,mars,186.0,900.0,76,0,1,0,2,0,3,,,1777,1777,1980,1980
blackout_only,sparse,1,moon,186.0,900.0,76,5,5,7,7,20,20,5.129821,6.721905,1777,1777,1980,1980
blackout_only,sparse,2,leo,186.0,900.0,76,0,1,0,2,0,3,,,1777,1777,1980,1980
blackout_only,sparse,3,earth,186.0,900.0,76,5,5,8,8,21,21,0.184569,62.566844,1777,1777,1980,1980
with_repeater,sparse,0,mars,186.0,900.0,76,0,1,0,2,0,3,,,1777,1777,1980,1980
with_repeater,sparse,1,moon,186.0,900.0,76,5,5,7,7,20,20,5.131340,6.709750,1777,1777,1980,1980
with_repeater,sparse,2,leo,186.0,900.0,76,0,1,0,2,0,3,,,1777,1777,1980,1980
with_repeater,sparse,3,earth,186.0,900.0,76,5,5,8,8,21,21,0.181207,62.527351,1777,1777,1980,1980
blackout_only,sparse,0,mars,186.0,900.0,77,0,1,0,2,0,3,,,1777,1777,1980,1980
blackout_only,sparse,1,moon,186.0,900.0,77,5,5,7,7,20,20,5.132803,6.741820,1777,1777,1980,1980
blackout_only,sparse,2,leo,186.0,900.0,77,0,1,0,2,0,3,,,1777,1777,1980,1980
blackout_only,sparse,3,earth,186.0,900.0,77,5,5,8,8,21,21,0.184999,62.591911,1777,1777,1980,1980
with_repeater,sparse,0,mars,186.0,900.0,77,0,1,0,2,0,3,,,1777,1777,1980,1980
with_repeater,sparse,1,moon,186.0,900.0,77,5,5,7,7,20,20,5.131554,6.714812,1777,1777,1980,1980
with_repeater,sparse,2,leo,186.0,900.0,77,0,1,0,2,0,3,,,1777,1777,1980,1980
with_repeater,sparse,3,earth,186.0,900.0,77,5,5,8,8,21,21,0.184747,62.551431,1777,1777,1980,1980
blackout_only,sparse,0,mars,186.0,900.0,78,0,1,0,2,0,3,,,1777,1777,1980,1980
blackout_only,sparse,1,moon,186.0,900.0,78,5,5,7,7,20,20,5.130005,6.692962,1777,1777,1980,1980
blackout_only,sparse,2,leo,186.0,900.0,78,0,1,0,2,0,3,,,1777,1777,1980,1980
blackout_only,sparse,3,earth,186.0,900.0,78,5,5,8,8,21,21,0.183590,62.509143,1777,1777,1980,1980
with_repeater,sparse,0,mars,186.0,900.0,78,0,1,0,2,0,3,,,1777,1777,1980,1980
with_repeater,sparse,1,moon,186.0,900.0,78,5,5,7,7,20,20,5.132641,6.741029,1777,1777,1980,1980
with_repeater,sparse,2,leo,186.0,900.0,78,0,1,0,2,0,3,,,1777,1777,1980,1980
with_repeater,sparse,3,earth,186.0,900.0,78,5,5,8,8,21,21,0.183448,62.545540,1777,1777,1980,1980
blackout_only,sparse,0,mars,186.0,900.0,79,0,1,0,2,0,3,,,1778,1778,1980,1980
blackout_only,sparse,1,moon,186.0,900.0,79,5,5,7,7,20,20,5.132719,6.690844,1778,1778,1980,1980
blackout_only,sparse,2,leo,186.0,900.0,79,0,1,0,2,0,3,,,1778,1778,1980,1980
blackout_only,sparse,3,earth,186.0,900.0,79,5,5,8,8,21,21,0.183738,62.531767,1778,1778,1980,1980
with_repeater,sparse,0,mars,186.0,900.0,79,0,1,0,2,0,3,,,1778,1778,1980,1980
with_repeater,sparse,1,moon,186.0,900.0,79,5,5,7,7,20,20,5.134697,6.707772,1778,1778,1980,1980
with_repeater,sparse,2,leo,186.0,900.0,79,0,1,0,2,0,3,,,1778,1778,1980,1980
with_repeater,sparse,3,earth,186.0,900.0,79,5,5,8,8,21,21,0.182754,62.516194,1778,1778,1980,1980
blackout_only,sparse,0,mars,186.0,900.0,80,0,1,0,2,0,3,,,1777,1777,1980,1980
blackout_only,sparse,1,moon,186.0,900.0,80,5,5,7,7,20,20,5.130948,6.673703,1777,1777,1980,1980
blackout_only,sparse,2,leo,186.0,900.0,80,0,1,0,2,0,3,,,1777,1777,1980,1980
blackout_only,sparse,3,earth,186.0,900.0,80,5,5,8,8,21,21,0.184845,62.604535,1777,1777,1980,1980
with_repeater,sparse,0,mars,186.0,900.0,80,0,1,0,2,0,3,,,1777,1777,1980,1980
with_repeater,sparse,1,moon,186.0,900.0,80,5,5,7,7,20,20,5.130319,6.664326,1777,1777,1980,1980
with_repeater,sparse,2,leo,186.0,900.0,80,0,1,0,2,0,3,,,1777,1777,1980,1980
with_repeater,sparse,3,earth,186.0,900.0,80,5,5,8,8,21,21,0.181866,62.536527,1777,1777,1980,1980
blackout_only,sparse,0,mars,186.0,900.0,81,0,1,0,2,0,3,,,1778,1778,1980,1980
blackout_only,sparse,1,moon,186.0,900.0,81,5,5,7,7,20,20,5.130328,6.708044,1778,1778,1980,1980
blackout_only,sparse,2,leo,186.0,900.0,81,0,1,0,2,0,3,,,1778,1778,1980,1980
blackout_only,sparse,3,earth,186.0,900.0,81,5,5,8,8,21,21,0.182898,62.567308,1778,1778,1980,1980
with_repeater,sparse,0,mars,186.0,900.0,81,0,1,0,2,0,3,,,1778,1778,1980,1980
with_repeater,sparse,1,moon,186.0,900.0,81,5,5,7,7,20,20,5.131644,6.705261,1778,1778,1980,1980
with_repeater,sparse,2,leo,186.0,900.0,81,0,1,0,2,0,3,,,1778,1778,1980,1980
with_repeater,sparse,3,earth,186.0,900.0,81,5,5,8,8,21,21,0.184702,62.590151,1778,1778,1980,1980
blackout_only,sparse,0,mars,186.0,900.0,82,0,1,0,2,0,3,,,1777,1777,1980,1980
blackout_only,sparse,1,moon,186.0,900.0,82,5,5,7,7,20,20,5.129572,6.661499,1777,1777,1980,1980
blackout_only,sparse,2,leo,186.0,900.0,82,0,1,0,2,0,3,,,1777,1777,1980,1980
blackout_only,sparse,3,earth,186.0,900.0,82,5,5,8,8,21,21,0.180530,62.525999,1777,1777,1980,1980
with_repeater,sparse,0,mars,186.0,900.0,82,0,1,0,2,0,3,,,1778,1778,1980,1980
with_repeater,sparse,1,moon,186.0,900.0,82,5,5,7,7,20,20,5.133212,6.687962,1778,1778,1980,1980
with_repeater,sparse,2,leo,186.0,900.0,82,0,1,0,2,0,3,,,1778,1778,1980,1980
with_repeater,sparse,3,earth,186.0,900.0,82,5,5,8,8,21,21,0.184092,62.548372,1778,1778,1980,1980
blackout_only,sparse,0,mars,186.0,900.0,83,0,1,0,2,0,3,,,1777,1777,1980,1980
blackout_only,sparse,1,moon,186.0,900.0,83,5,5,7,7,20,20,5.131992,6.746541,1777,1777,1980,1980
blackout_only,sparse,2,leo,186.0,900.0,83,0,1,0,2,0,3,,,1777,1777,1980,1980
blackout_only,sparse,3,earth,186.0,900.0,83,5,5,8,8,21,21,0.183705,62.553435,1777,1777,1980,1980
with_repeater,sparse,0,mars,186.0,900.0,83,0,1,0,2,0,3,,,1777,1777,1980,1980
with_repeater,sparse,1,moon,186.0,900.0,83,5,5,7,7,20,20,5.132073,6.732150,1777,1777,1980,1980
with_repeater,sparse,2,leo,186.0,900.0,83,0,1,0,2,0,3,,,1777,1777,1980,1980
with_repeater,sparse,3,earth,186.0,900.0,83,5,5,8,8,21,21,0.180720,62.497936,1777,1777,1980,1980
blackout_only,sparse,0,mars,186.0,900.0,84,0,1,0,2,0,3,,,1777,1777,1980,1980
blackout_only,sparse,1,moon,186.0,900.0,84,5,5,7,7,20,20,5.134603,6.781444,1777,1777,1980,1980
blackout_only,sparse,2,leo,186.0,900.0,84,0,1,0,2,0,3,,,1777,1777,1980,1980
blackout_only,sparse,3,earth,186.0,900.0,84,5,5,8,8,21,21,0.182925,62.548585,1777,1777,1980,1980
with_repeater,sparse,0,mars,186.0,900.0,84,0,1,0,2,0,3,,,1777,1777,1980,1980
with_repeater,sparse,1,moon,186.0,900.0,84,5,5,7,7,20,20,5.133127,6.761477,1777,1777,1980,1980
with_repeater,sparse,2,leo,186.0,900.0,84,0,1,0,2,0,3,,,1777,1777,1980,1980
with_repeater,sparse,3,earth,186.0,900.0,84,5,5,8,8,21,21,0.181269,62.539791,1777,1777,1980,1980
blackout_only,sparse,0,mars,186.0,900.0,85,0,1,0,2,0,3,,,1777,1777,1980,1980
blackout_only,sparse,1,moon,186.0,900.0,85,5,5,7,7,20,20,5.130537,6.685142,1777,1777,1980,1980
blackout_only,sparse,2,leo,186.0,900.0,85,0,1,0,2,0,3,,,1777,1777,1980,1980
blackout_only,sparse,3,earth,186.0,900.0,85,5,5,8,8,21,21,0.183501,62.543138,1777,1777,1980,1980
with_repeater,sparse,0,mars,186.0,900.0,85,0,1,0,2,0,3,,,1777,1777,1980,1980
with_repeater,sparse,1,moon,186.0,900.0,85,5,5,7,7,20,20,5.130993,6.694808,1777,1777,1980,1980
with_repeater,sparse,2,leo,186.0,900.0,85,0,1,0,2,0,3,,,1777,1777,1980,1980
with_repeater,sparse,3,earth,186.0,900.0,85,5,5,8,8,21,21,0.184158,62.580757,1777,1777,1980,1980
blackout_only,sparse,0,mars,186.0,900.0,86,0,1,0,2,0,3,,,1777,1777,1980,1980
blackout_only,sparse,1,moon,186.0,900.0,86,5,5,7,7,20,20,5.131766,6.689401,1777,1777,1980,1980
blackout_only,sparse,2,leo,186.0,900.0,86,0,1,0,2,0,3,,,1777,1777,1980,1980
blackout_only,sparse,3,earth,186.0,900.0,86,5,5,8,8,21,21,0.183678,62.549202,1777,1777,1980,1980
with_repeater,sparse,0,mars,186.0,900.0,86,0,1,0,2,0,3,,,1777,1777,1980,1980
with_repeater,sparse,1,moon,186.0,900.0,86,5,5,7,7,20,20,5.133966,6.745621,1777,1777,1980,1980
with_repeater,sparse,2,leo,186.0,900.0,86,0,1,0,2,0,3,,,1777,1777,1980,1980
with_repeater,sparse,3,earth,186.0,900.0,86,5,5,8,8,21,21,0.183993,62.592977,1777,1777,1980,1980
blackout_only,sparse,0,mars,186.0,900.0,87,0,1,0,2,0,3,,,1778,1778,1980,1980
blackout_only,sparse,1,moon,186.0,900.0,87,5,5,7,7,20,20,5.132568,6.737635,1778,1778,1980,1980
blackout_only,sparse,2,leo,186.0,900.0,87,0,1,0,2,0,3,,,1778,1778,1980,1980
blackout_only,sparse,3,earth,186.0,900.0,87,5,5,8,8,21,21,0.182269,62.545153,1778,1778,1980,1980
with_repeater,sparse,0,mars,186.0,900.0,87,0,1,0,2,0,3,,,1777,1777,1980,1980
with_repeater,sparse,1,moon,186.0,900.0,87,5,5,7,7,20,20,5.131988,6.686924,1777,1777,1980,1980
with_repeater,sparse,2,leo,186.0,900.0,87,0,1,0,2,0,3,,,1777,1777,1980,1980
with_repeater,sparse,3,earth,186.0,900.0,87,5,5,8,8,21,21,0.183597,62.557048,1777,1777,1980,1980
blackout_only,sparse,0,mars,186.0,900.0,88,0,1,0,2,0,3,,,1777,1777,1980,1980
blackout_only,sparse,1,moon,186.0,900.0,88,5,5,7,7,20,20,5.131971,6.679204,1777,1777,1980,1980
blackout_only,sparse,2,leo,186.0,900.0,88,0,1,0,2,0,3,,,1777,1777,1980,1980
blackout_only,sparse,3,earth,186.0,900.0,88,5,5,8,8,21,21,0.185101,62.611503,1777,1777,1980,1980
with_repeater,sparse,0,mars,186.0,900.0,88,0,1,0,2,0,3,,,1777,1777,1980,1980
with_repeater,sparse,1,moon,186.0,900.0,88,5,5,7,7,20,20,5.131872,6.659703,1777,1777,1980,1980
with_repeater,sparse,2,leo,186.0,900.0,88,0,1,0,2,0,3,,,1777,1777,1980,1980
with_repeater,sparse,3,earth,186.0,900.0,88,5,5,8,8,21,21,0.184196,62.547637,1777,1777,1980,1980
blackout_only,sparse,0,mars,186.0,900.0,89,0,1,0,2,0,3,,,1777,1777,1980,1980
blackout_only,sparse,1,moon,186.0,900.0,89,5,5,7,7,20,20,5.129369,6.680361,1777,1777,1980,1980
blackout_only,sparse,2,leo,186.0,900.0,89,0,1,0,2,0,3,,,1777,1777,1980,1980
blackout_only,sparse,3,earth,186.0,900.0,89,5,5,8,8,21,21,0.183328,62.592060,1777,1777,1980,1980
with_repeater,sparse,0,mars,186.0,900.0,89,0,1,0,2,0,3,,,1778,1778,1980,1980
with_repeater,sparse,1,moon,186.0,900.0,89,5,5,7,7,20,20,5.132016,6.748559,1778,1778,1980,1980
with_repeater,sparse,2,leo,186.0,900.0,89,0,1,0,2,0,3,,,1778,1778,1980,1980
with_repeater,sparse,3,earth,186.0,900.0,89,5,5,8,8,21,21,0.185453,62.595323,1778,1778,1980,1980
blackout_only,full_coverage,0,mars,186.0,900.0,40,0,1,0,2,0,3,,,1778,1778,1980,1980
blackout_only,full_coverage,1,moon,186.0,900.0,40,5,5,7,7,20,20,5.134757,6.756189,1778,1778,1980,1980
blackout_only,full_coverage,2,leo,186.0,900.0,40,5,5,8,8,21,21,0.131343,61.835101,1778,1778,1980,1980
blackout_only,full_coverage,3,earth,186.0,900.0,40,5,5,8,8,21,21,0.183787,62.562311,1778,1778,1980,1980
with_repeater,full_coverage,0,mars,186.0,900.0,40,0,1,0,2,0,3,,,1778,1778,1980,1980
with_repeater,full_coverage,1,moon,186.0,900.0,40,5,5,7,7,20,20,5.131394,6.729034,1778,1778,1980,1980
with_repeater,full_coverage,2,leo,186.0,900.0,40,5,5,8,8,21,21,0.131532,61.837861,1778,1778,1980,1980
with_repeater,full_coverage,3,earth,186.0,900.0,40,5,5,8,8,21,21,0.183823,62.569699,1778,1778,1980,1980
blackout_only,full_coverage,0,mars,186.0,900.0,41,0,1,0,2,0,3,,,1777,1777,1980,1980
blackout_only,full_coverage,1,moon,186.0,900.0,41,5,5,7,7,20,20,5.129787,6.697095,1777,1777,1980,1980
blackout_only,full_coverage,2,leo,186.0,900.0,41,5,5,8,8,21,21,0.132434,61.858614,1777,1777,1980,1980
blackout_only,full_coverage,3,earth,186.0,900.0,41,5,5,8,8,21,21,0.182294,62.553854,1777,1777,1980,1980
with_repeater,full_coverage,0,mars,186.0,900.0,41,0,1,0,2,0,3,,,1777,1777,1980,1980
with_repeater,full_coverage,1,moon,186.0,900.0,41,5,5,7,7,20,20,5.132287,6.684835,1777,1777,1980,1980
with_repeater,full_coverage,2,leo,186.0,900.0,41,5,5,8,8,21,21,0.132326,61.842750,1777,1777,1980,1980
with_repeater,full_coverage,3,earth,186.0,900.0,41,5,5,8,8,21,21,0.184404,62.595978,1777,1777,1980,1980
blackout_only,full_coverage,0,mars,186.0,900.0,42,0,1,0,2,0,3,,,1777,1777,1980,1980
blackout_only,full_coverage,1,moon,186.0,900.0,42,5,5,7,7,20,20,5.131342,6.721687,1777,1777,1980,1980
blackout_only,full_coverage,2,leo,186.0,900.0,42,5,5,8,8,21,21,0.131150,61.836399,1777,1777,1980,1980
blackout_only,full_coverage,3,earth,186.0,900.0,42,5,5,8,8,21,21,0.182859,62.557789,1777,1777,1980,1980
with_repeater,full_coverage,0,mars,186.0,900.0,42,0,1,0,2,0,3,,,1778,1778,1980,1980
with_repeater,full_coverage,1,moon,186.0,900.0,42,5,5,7,7,20,20,5.129126,6.660388,1778,1778,1980,1980
with_repeater,full_coverage,2,leo,186.0,900.0,42,5,5,8,8,21,21,0.132377,61.866898,1778,1778,1980,1980
with_repeater,full_coverage,3,earth,186.0,900.0,42,5,5,8,8,21,21,0.182246,62.589232,1778,1778,1980,1980
blackout_only,full_coverage,0,mars,186.0,900.0,43,0,1,0,2,0,3,,,1778,1778,1980,1980
blackout_only,full_coverage,1,moon,186.0,900.0,43,5,5,7,7,20,20,5.130732,6.659981,1778,1778,1980,1980
blackout_only,full_coverage,2,leo,186.0,900.0,43,5,5,8,8,21,21,0.129345,61.827197,1778,1778,1980,1980
blackout_only,full_coverage,3,earth,186.0,900.0,43,5,5,8,8,21,21,0.182331,62.555856,1778,1778,1980,1980
with_repeater,full_coverage,0,mars,186.0,900.0,43,0,1,0,2,0,3,,,1778,1778,1980,1980
with_repeater,full_coverage,1,moon,186.0,900.0,43,5,5,7,7,20,20,5.131645,6.726834,1778,1778,1980,1980
with_repeater,full_coverage,2,leo,186.0,900.0,43,5,5,8,8,21,21,0.131029,61.840936,1778,1778,1980,1980
with_repeater,full_coverage,3,earth,186.0,900.0,43,5,5,8,8,21,21,0.181764,62.499131,1778,1778,1980,1980
blackout_only,full_coverage,0,mars,186.0,900.0,44,0,1,0,2,0,3,,,1777,1777,1980,1980
blackout_only,full_coverage,1,moon,186.0,900.0,44,5,5,7,7,20,20,5.129681,6.703935,1777,1777,1980,1980
blackout_only,full_coverage,2,leo,186.0,900.0,44,5,5,8,8,21,21,0.132030,61.838477,1777,1777,1980,1980
blackout_only,full_coverage,3,earth,186.0,900.0,44,5,5,8,8,21,21,0.182628,62.553724,1777,1777,1980,1980
with_repeater,full_coverage,0,mars,186.0,900.0,44,0,1,0,2,0,3,,,1777,1777,1980,1980
with_repeater,full_coverage,1,moon,186.0,900.0,44,5,5,7,7,20,20,5.132268,6.737753,1777,1777,1980,1980
with_repeater,full_coverage,2,leo,186.0,900.0,44,5,5,8,8,21,21,0.129442,61.800013,1777,1777,1980,1980
with_repeater,full_coverage,3,earth,186.0,900.0,44,5,5,8,8,21,21,0.180529,62.538573,1777,1777,1980,1980
blackout_only,full_coverage,0,mars,186.0,900.0,45,0,1,0,2,0,3,,,1777,1777,1980,1980
blackout_only,full_coverage,1,moon,186.0,900.0,45,5,5,7,7,20,20,5.134695,6.734831,1777,1777,1980,1980
blackout_only,full_coverage,2,leo,186.0,900.0,45,5,5,8,8,21,21,0.130239,61.803934,1777,1777,1980,1980
blackout_only,full_coverage,3,earth,186.0,900.0,45,5,5,8,8,21,21,0.181850,62.521674,1777,1777,1980,1980
with_repeater,full_coverage,0,mars,186.0,900.0,45,0,1,0,2,0,3,,,1777,1777,1980,1980
with_repeater,full_coverage,1,moon,186.0,900.0,45,5,5,7,7,20,20,5.134187,6.720458,1777,1777,1980,1980
with_repeater,full_coverage,2,leo,186.0,900.0,45,5,5,8,8,21,21,0.131257,61.833965,1777,1777,1980,1980
with_repeater,full_coverage,3,earth,186.0,900.0,45,5,5,8,8,21,21,0.180887,62.539317,1777,1777,1980,1980
blackout_only,full_coverage,0,mars,186.0,900.0,46,0,1,0,2,0,3,,,1777,1777,1980,1980
blackout_only,full_coverage,1,moon,186.0,900.0,46,5,5,7,7,20,20,5.129899,6.717540,1777,1777,1980,1980
blackout_only,full_coverage,2,leo,186.0,900.0,46,5,5,8,8,21,21,0.131202,61.827461,1777,1777,1980,1980
blackout_only,full_coverage,3,earth,186.0,900.0,46,5,5,8,8,21,21,0.184498,62.589629,1777,1777,1980,1980
with_repeater,full_coverage,0,mars,186.0,900.0,46,0,1,0,2,0,3,,,1777,1777,1980,1980
with_repeater,full_coverage,1,moon,186.0,900.0,46,5,5,7,7,20,20,5.129670,6.702357,1777,1777,1980,1980
with_repeater,full_coverage,2,leo,186.0,900.0,46,5,5,8,8,21,21,0.130078,61.834321,1777,1777,1980,1980
with_repeater,full_coverage,3,earth,186.0,900.0,46,5,5,8,8,21,21,0.183424,62.546860,1777,1777,1980,1980
blackout_only,full_coverage,0,mars,186.0,900.0,47,0,1,0,2,0,3,,,1778,1778,1980,1980
blackout_only,full_coverage,1,moon,186.0,900.0,47,5,5,7,7,20,20,5.132015,6.710232,1778,1778,1980,1980
blackout_only,full_coverage,2,leo,186.0,900.0,47,5,5,8,8,21,21,0.130430,61.817603,1778,1778,1980,1980
blackout_only,full_coverage,3,earth,186.0,900.0,47,5,5,8,8,21,21,0.179837,62.487784,1778,1778,1980,1980
with_repeater,full_coverage,0,mars,186.0,900.0,47,0,1,0,2,0,3,,,1777,1777,1980,1980
with_repeater,full_coverage,1,moon,186.0,900.0,47,5,5,7,7,20,20,5.133398,6.728625,1777,1777,1980,1980
with_repeater,full_coverage,2,leo,186.0,900.0,47,5,5,8,8,21,21,0.129727,61.790495,1777,1777,1980,1980
with_repeater,full_coverage,3,earth,186.0,900.0,47,5,5,8,8,21,21,0.182646,62.538620,1777,1777,1980,1980
blackout_only,full_coverage,0,mars,186.0,900.0,48,0,1,0,2,0,3,,,1777,1777,1980,1980
blackout_only,full_coverage,1,moon,186.0,900.0,48,5,5,7,7,20,20,5.130301,6.724845,1777,1777,1980,1980
blackout_only,full_coverage,2,leo,186.0,900.0,48,5,5,8,8,21,21,0.129623,61.844960,1777,1777,1980,1980
blackout_only,full_coverage,3,earth,186.0,900.0,48,5,5,8,8,21,21,0.183949,62.571887,1777,1777,1980,1980
with_repeater,full_coverage,0,mars,186.0,900.0,48,0,1,0,2,0,3,,,1777,1777,1980,1980
with_repeater,full_coverage,1,moon,186.0,900.0,48,5,5,7,7,20,20,5.131227,6.723407,1777,1777,1980,1980
with_repeater,full_coverage,2,leo,186.0,900.0,48,5,5,8,8,21,21,0.130677,61.839435,1777,1777,1980,1980
with_repeater,full_coverage,3,earth,186.0,900.0,48,5,5,8,8,21,21,0.180960,62.540498,1777,1777,1980,1980
blackout_only,full_coverage,0,mars,186.0,900.0,49,0,1,0,2,0,3,,,1777,1777,1980,1980
blackout_only,full_coverage,1,moon,186.0,900.0,49,5,5,7,7,20,20,5.132441,6.713410,1777,1777,1980,1980
blackout_only,full_coverage,2,leo,186.0,900.0,49,5,5,8,8,21,21,0.132004,61.850953,1777,1777,1980,1980
blackout_only,full_coverage,3,earth,186.0,900.0,49,5,5,8,8,21,21,0.182612,62.545741,1777,1777,1980,1980
with_repeater,full_coverage,0,mars,186.0,900.0,49,0,1,0,2,0,3,,,1777,1777,1980,1980
with_repeater,full_coverage,1,moon,186.0,900.0,49,5,5,7,7,20,20,5.131954,6.699918,1777,1777,1980,1980
with_repeater,full_coverage,2,leo,186.0,900.0,49,5,5,8,8,21,21,0.131586,61.846119,1777,1777,1980,1980
with_repeater,full_coverage,3,earth,186.0,900.0,49,5,5,8,8,21,21,0.183779,62.561289,1777,1777,1980,1980
blackout_only,full_coverage,0,mars,186.0,900.0,50,0,1,0,2,0,3,,,1777,1777,1980,1980
blackout_only,full_coverage,1,moon,186.0,900.0,50,5,5,7,7,20,20,5.131150,6.700977,1777,1777,1980,1980
blackout_only,full_coverage,2,leo,186.0,900.0,50,5,5,8,8,21,21,0.132123,61.820191,1777,1777,1980,1980
blackout_only,full_coverage,3,earth,186.0,900.0,50,5,5,8,8,21,21,0.182772,62.515597,1777,1777,1980,1980
with_repeater,full_coverage,0,mars,186.0,900.0,50,0,1,0,2,0,3,,,1777,1777,1980,1980
with_repeater,full_coverage,1,moon,186.0,900.0,50,5,5,7,7,20,20,5.130799,6.704330,1777,1777,1980,1980
with_repeater,full_coverage,2,leo,186.0,900.0,50,5,5,8,8,21,21,0.130752,61.821292,1777,1777,1980,1980
with_repeater,full_coverage,3,earth,186.0,900.0,50,5,5,8,8,21,21,0.181771,62.573489,1777,1777,1980,1980
blackout_only,full_coverage,0,mars,186.0,900.0,51,0,1,0,2,0,3,,,1777,1777,1980,1980
blackout_only,full_coverage,1,moon,186.0,900.0,51,5,5,7,7,20,20,5.135762,6.795131,1777,1777,1980,1980
blackout_only,full_coverage,2,leo,186.0,900.0,51,5,5,8,8,21,21,0.130408,61.814872,1777,1777,1980,1980
blackout_only,full_coverage,3,earth,186.0,900.0,51,5,5,8,8,21,21,0.182345,62.577432,1777,1777,1980,1980
with_repeater,full_coverage,0,mars,186.0,900.0,51,0,1,0,2,0,3,,,1777,1777,1980,1980
with_repeater,full_coverage,1,moon,186.0,900.0,51,5,5,7,7,20,20,5.133229,6.740745,1777,1777,1980,1980
with_repeater,full_coverage,2,leo,186.0,900.0,51,5,5,8,8,21,21,0.131691,61.836317,1777,1777,1980,1980
with_repeater,full_coverage,3,earth,186.0,900.0,51,5,5,8,8,21,21,0.186619,62.598317,1777,1777,1980,1980
blackout_only,full_coverage,0,mars,186.0,900.0,52,0,1,0,2,0,3,,,1778,1778,1980,1980
blackout_only,full_coverage,1,moon,186.0,900.0,52,5,5,7,7,20,20,5.130749,6.734244,1778,1778,1980,1980
blackout_only,full_coverage,2,leo,186.0,900.0,52,5,5,8,8,21,21,0.130503,61.810711,1778,1778,1980,1980
blackout_only,full_coverage,3,earth,186.0,900.0,52,5,5,8,8,21,21,0.186656,62.593866,1778,1778,1980,1980
with_repeater,full_coverage,0,mars,186.0,900.0,52,0,1,0,2,0,3,,,1777,1777,1980,1980
with_repeater,full_coverage,1,moon,186.0,900.0,52,5,5,7,7,20,20,5.131083,6.714726,1777,1777,1980,1980
with_repeater,full_coverage,2,leo,186.0,900.0,52,5,5,8,8,21,21,0.131807,61.850992,1777,1777,1980,1980
with_repeater,full_coverage,3,earth,186.0,900.0,52,5,5,8,8,21,21,0.180644,62.546268,1777,1777,1980,1980
blackout_only,full_coverage,0,mars,186.0,900.0,53,0,1,0,2,0,3,,,1777,1777,1980,1980
blackout_only,full_coverage,1,moon,186.0,900.0,53,5,5,7,7,20,20,5.131756,6.690014,1777,1777,1980,1980
blackout_only,full_coverage,2,leo,186.0,900.0,53,5,5,8,8,21,21,0.132004,61.829973,1777,1777,1980,1980
blackout_only,full_coverage,3,earth,186.0,900.0,53,5,5,8,8,21,21,0.183477,62.568969,1777,1777,1980,1980
with_repeater,full_coverage,0,mars,186.0,900.0,53,0,1,0,2,0,3,,,1777,1777,1980,1980
with_repeater,full_coverage,1,moon,186.0,900.0,53,5,5,7,7,20,20,5.130019,6.659019,1777,1777,1980,1980
with_repeater,full_coverage,2,leo,186.0,900.0,53,5,5,8,8,21,21,0.131110,61.828935,1777,1777,1980,1980
with_repeater,full_coverage,3,earth,186.0,900.0,53,5,5,8,8,21,21,0.182392,62.573168,1777,1777,1980,1980
blackout_only,full_coverage,0,mars,186.0,900.0,54,0,1,0,2,0,3,,,1777,1777,1980,1980
blackout_only,full_coverage,1,moon,186.0,900.0,54,5,5,7,7,20,20,5.130974,6.651668,1777,1777,1980,1980
blackout_only,full_coverage,2,leo,186.0,900.0,54,5,5,8,8,21,21,0.131078,61.857243,1777,1777,1980,1980
blackout_only,full_coverage,3,earth,186.0,900.0,54,5,5,8,8,21,21,0.181888,62.542263,1777,1777,1980,1980
with_repeater,full_coverage,0,mars,186.0,900.0,54,0,1,0,2,0,3,,,1777,1777,1980,1980
with_repeater,full_coverage,1,moon,186.0,900.0,54,5,5,7,7,20,20,5.128798,6.652495,1777,1777,1980,1980
with_repeater,full_coverage,2,leo,186.0,900.0,54,5,5,8,8,21,21,0.131274,61.846467,1777,1777,1980,1980
with_repeater,full_coverage,3,earth,186.0,900.0,54,5,5,8,8,21,21,0.182523,62.578141,1777,1777,1980,1980
blackout_only,full_coverage,0,mars,186.0,900.0,55,0,1,0,2,0,3,,,1777,1777,1980,1980
blackout_only,full_coverage,1,moon,186.0,900.0,55,5,5,7,7,20,20,5.132189,6.655546,1777,1777,1980,1980
blackout_only,full_coverage,2,leo,186.0,900.0,55,5,5,8,8,21,21,0.131976,61.865763,1777,1777,1980,1980
blackout_only,full_coverage,3,earth,186.0,900.0,55,5,5,8,8,21,21,0.182450,62.524113,1777,1777,1980,1980
with_repeater,full_coverage,0,mars,186.0,900.0,55,0,1,0,2,0,3,,,1778,1778,1980,1980
with_repeater,full_coverage,1,moon,186.0,900.0,55,5,5,7,7,20,20,5.130406,6.684748,1778,1778,1980,1980
with_repeater,full_coverage,2,leo,186.0,900.0,55,5,5,8,8,21,21,0.131988,61.856621,1778,1778,1980,1980
with_repeater,full_coverage,3,earth,186.0,900.0,55,5,5,8,8,21,21,0.182955,62.542339,1778,1778,1980,1980
blackout_only,full_coverage,0,mars,186.0,900.0,56,0,1,0,2,0,3,,,1777,1777,1980,1980
blackout_only,full_coverage,1,moon,186.0,900.0,56,5,5,7,7,20,20,5.133490,6.718869,1777,1777,1980,1980
blackout_only,full_coverage,2,leo,186.0,900.0,56,5,5,8,8,21,21,0.129871,61.817123,1777,1777,1980,1980
blackout_only,full_coverage,3,earth,186.0,900.0,56,5,5,8,8,21,21,0.183500,62.612247,1777,1777,1980,1980
with_repeater,full_coverage,0,mars,186.0,900.0,56,0,1,0,2,0,3,,,1778,1778,1980,1980
with_repeater,full_coverage,1,moon,186.0,900.0,56,5,5,7,7,20,20,5.132400,6.695221,1778,1778,1980,1980
with_repeater,full_coverage,2,leo,186.0,900.0,56,5,5,8,8,21,21,0.130418,61.844701,1778,1778,1980,1980
with_repeater,full_coverage,3,earth,186.0,900.0,56,5,5,8,8,21,21,0.182866,62.606903,1778,1778,1980,1980
blackout_only,full_coverage,0,mars,186.0,900.0,57,0,1,0,2,0,3,,,1777,1777,1980,1980
blackout_only,full_coverage,1,moon,186.0,900.0,57,5,5,7,7,20,20,5.132433,6.691634,1777,1777,1980,1980
blackout_only,full_coverage,2,leo,186.0,900.0,57,5,5,8,8,21,21,0.128175,61.783364,1777,1777,1980,1980
blackout_only,full_coverage,3,earth,186.0,900.0,57,5,5,8,8,21,21,0.181682,62.512304,1777,1777,1980,1980
with_repeater,full_coverage,0,mars,186.0,900.0,57,0,1,0,2,0,3,,,1777,1777,1980,1980
with_repeater,full_coverage,1,moon,186.0,900.0,57,5,5,7,7,20,20,5.128880,6.625842,1777,1777,1980,1980
with_repeater,full_coverage,2,leo,186.0,900.0,57,5,5,8,8,21,21,0.130650,61.852797,1777,1777,1980,1980
with_repeater,full_coverage,3,earth,186.0,900.0,57,5,5,8,8,21,21,0.183530,62.543756,1777,1777,1980,1980
blackout_only,full_coverage,0,mars,186.0,900.0,58,0,1,0,2,0,3,,,1777,1777,1980,1980
blackout_only,full_coverage,1,moon,186.0,900.0,58,5,5,7,7,20,20,5.130800,6.671173,1777,1777,1980,1980
blackout_only,full_coverage,2,leo,186.0,900.0,58,5,5,8,8,21,21,0.130750,61.829267,1777,1777,1980,1980
blackout_only,full_coverage,3,earth,186.0,900.0,58,5,5,8,8,21,21,0.184572,62.604783,1777,1777,1980,1980
with_repeater,full_coverage,0,mars,186.0,900.0,58,0,1,0,2,0,3,,,1777,1777,1980,1980
with_repeater,full_coverage,1,moon,186.0,900.0,58,5,5,7,7,20,20,5.131055,6.700092,1777,1777,1980,1980
with_repeater,full_coverage,2,leo,186.0,900.0,58,5,5,8,8,21,21,0.131027,61.855606,1777,1777,1980,1980
with_repeater,full_coverage,3,earth,186.0,900.0,58,5,5,8,8,21,21,0.183947,62.587048,1777,1777,1980,1980
blackout_only,full_coverage,0,mars,186.0,900.0,59,0,1,0,2,0,3,,,1777,1777,1980,1980
blackout_only,full_coverage,1,moon,186.0,900.0,59,5,5,7,7,20,20,5.133250,6.697004,1777,1777,1980,1980
blackout_only,full_coverage,2,leo,186.0,900.0,59,5,5,8,8,21,21,0.131855,61.869142,1777,1777,1980,1980
blackout_only,full_coverage,3,earth,186.0,900.0,59,5,5,8,8,21,21,0.183169,62.548066,1777,1777,1980,1980
with_repeater,full_coverage,0,mars,186.0,900.0,59,0,1,0,2,0,3,,,1777,1777,1980,1980
with_repeater,full_coverage,1,moon,186.0,900.0,59,5,5,7,7,20,20,5.131058,6.733373,1777,1777,1980,1980
with_repeater,full_coverage,2,leo,186.0,900.0,59,5,5,8,8,21,21,0.131797,61.862692,1777,1777,1980,1980
with_repeater,full_coverage,3,earth,186.0,900.0,59,5,5,8,8,21,21,0.182099,62.551756,1777,1777,1980,1980
blackout_only,full_coverage,0,mars,186.0,900.0,60,0,1,0,2,0,3,,,1777,1777,1980,1980
blackout_only,full_coverage,1,moon,186.0,900.0,60,5,5,7,7,20,20,5.128399,6.656959,1777,1777,1980,1980
blackout_only,full_coverage,2,leo,186.0,900.0,60,5,5,8,8,21,21,0.132256,61.853664,1777,1777,1980,1980
blackout_only,full_coverage,3,earth,186.0,900.0,60,5,5,8,8,21,21,0.184771,62.623647,1777,1777,1980,1980
with_repeater,full_coverage,0,mars,186.0,900.0,60,0,1,0,2,0,3,,,1777,1777,1980,1980
with_repeater,full_coverage,1,moon,186.0,900.0,60,5,5,7,7,20,20,5.131805,6.736526,1777,1777,1980,1980
with_repeater,full_coverage,2,leo,186.0,900.0,60,5,5,8,8,21,21,0.131126,61.802136,1777,1777,1980,1980
with_repeater,full_coverage,3,earth,186.0,900.0,60,5,5,8,8,21,21,0.184797,62.610129,1777,1777,1980,1980
blackout_only,full_coverage,0,mars,186.0,900.0,61,0,1,0,2,0,3,,,1777,1777,1980,1980
blackout_only,full_coverage,1,moon,186.0,900.0,61,5,5,7,7,20,20,5.129891,6.674511,1777,1777,1980,1980
blackout_only,full_coverage,2,leo,186.0,900.0,61,5,5,8,8,21,21,0.131946,61.835250,1777,1777,1980,1980
blackout_only,full_coverage,3,earth,186.0,900.0,61,5,5,8,8,21,21,0.182251,62.511357,1777,1777,1980,1980
with_repeater,full_coverage,0,mars,186.0,900.0,61,0,1,0,2,0,3,,,1777,1777,1980,1980
with_repeater,full_coverage,1,moon,186.0,900.0,61,5,5,7,7,20,20,5.130838,6.677360,1777,1777,1980,1980
with_repeater,full_coverage,2,leo,186.0,900.0,61,5,5,8,8,21,21,0.132816,61.849033,1777,1777,1980,1980
with_repeater,full_coverage,3,earth,186.0,900.0,61,5,5,8,8,21,21,0.183768,62.560978,1777,1777,1980,1980
blackout_only,full_coverage,0,mars,186.0,900.0,62,0,1,0,2,0,3,,,1777,1777,1980,1980
blackout_only,full_coverage,1,moon,186.0,900.0,62,5,5,7,7,20,20,5.130232,6.720767,1777,1777,1980,1980
blackout_only,full_coverage,2,leo,186.0,900.0,62,5,5,8,8,21,21,0.130135,61.813165,1777,1777,1980,1980
blackout_only,full_coverage,3,earth,186.0,900.0,62,5,5,8,8,21,21,0.184067,62.556541,1777,1777,1980,1980
with_repeater,full_coverage,0,mars,186.0,900.0,62,0,1,0,2,0,3,,,1777,1777,1980,1980
with_repeater,full_coverage,1,moon,186.0,900.0,62,5,5,7,7,20,20,5.133061,6.727736,1777,1777,1980,1980
with_repeater,full_coverage,2,leo,186.0,900.0,62,5,5,8,8,21,21,0.131589,61.852341,1777,1777,1980,1980
with_repeater,full_coverage,3,earth,186.0,900.0,62,5,5,8,8,21,21,0.181899,62.535185,1777,1777,1980,1980
blackout_only,full_coverage,0,mars,186.0,900.0,63,0,1,0,2,0,3,,,1778,1778,1980,1980
blackout_only,full_coverage,1,moon,186.0,900.0,63,5,5,7,7,20,20,5.131676,6.734923,1778,1778,1980,1980
blackout_only,full_coverage,2,leo,186.0,900.0,63,5,5,8,8,21,21,0.129732,61.825469,1778,1778,1980,1980
blackout_only,full_coverage,3,earth,186.0,900.0,63,5,5,8,8,21,21,0.181947,62.566271,1778,1778,1980,1980
with_repeater,full_coverage,0,mars,186.0,900.0,63,0,1,0,2,0,3,,,1777,1777,1980,1980
with_repeater,full_coverage,1,moon,186.0,900.0,63,5,5,7,7,20,20,5.130558,6.686079,1777,1777,1980,1980
with_repeater,full_coverage,2,leo,186.0,900.0,63,5,5,8,8,21,21,0.130680,61.813040,1777,1777,1980,1980
with_repeater,full_coverage,3,earth,186.0,900.0,63,5,5,8,8,21,21,0.183998,62.532664,1777,1777,1980,1980
blackout_only,full_coverage,0,mars,186.0,900.0,64,0,1,0,2,0,3,,,1777,1777,1980,1980
blackout_only,full_coverage,1,moon,186.0,900.0,64,5,5,7,7,20,20,5.130987,6.688012,1777,1777,1980,1980
blackout_only,full_coverage,2,leo,186.0,900.0,64,5,5,8,8,21,21,0.130576,61.840634,1777,1777,1980,1980
blackout_only,full_coverage,3,earth,186.0,900.0,64,5,5,8,8,21,21,0.184002,62.560795,1777,1777,1980,1980
with_repeater,full_coverage,0,mars,186.0,900.0,64,0,1,0,2,0,3,,,1777,1777,1980,1980
with_repeater,full_coverage,1,moon,186.0,900.0,64,5,5,7,7,20,20,5.131390,6.691223,1777,1777,1980,1980
with_repeater,full_coverage,2,leo,186.0,900.0,64,5,5,8,8,21,21,0.131534,61.861856,1777,1777,1980,1980
with_repeater,full_coverage,3,earth,186.0,900.0,64,5,5,8,8,21,21,0.184261,62.535693,1777,1777,1980,1980
blackout_only,full_coverage,0,mars,186.0,900.0,65,0,1,0,2,0,3,,,1777,1777,1980,1980
blackout_only,full_coverage,1,moon,186.0,900.0,65,5,5,7,7,20,20,5.130489,6.719235,1777,1777,1980,1980
blackout_only,full_coverage,2,leo,186.0,900.0,65,5,5,8,8,21,21,0.130668,61.853932,1777,1777,1980,1980
blackout_only,full_coverage,3,earth,186.0,900.0,65,5,5,8,8,21,21,0.182395,62.550489,1777,1777,1980,1980
with_repeater,full_coverage,0,mars,186.0,900.0,65,0,1,0,2,0,3,,,1777,1777,1980,1980
with_repeater,full_coverage,1,moon,186.0,900.0,65,5,5,7,7,20,20,5.131409,6.747258,1777,1777,1980,1980
with_repeater,full_coverage,2,leo,186.0,900.0,65,5,5,8,8,21,21,0.132145,61.862770,1777,1777,1980,1980
with_repeater,full_coverage,3,earth,186.0,900.0,65,5,5,8,8,21,21,0.182815,62.601541,1777,1777,1980,1980
blackout_only,full_coverage,0,mars,186.0,900.0,66,0,1,0,2,0,3,,,1777,1777,1980,1980
blackout_only,full_coverage,1,moon,186.0,900.0,66,5,5,7,7,20,20,5.129038,6.691041,1777,1777,1980,1980
blackout_only,full_coverage,2,leo,186.0,900.0,66,5,5,8,8,21,21,0.131214,61.806023,1777,1777,1980,1980
blackout_only,full_coverage,3,earth,186.0,900.0,66,5,5,8,8,21,21,0.184966,62.600478,1777,1777,1980,1980
with_repeater,full_coverage,0,mars,186.0,900.0,66,0,1,0,2,0,3,,,1777,1777,1980,1980
with_repeater,full_coverage,1,moon,186.0,900.0,66,5,5,7,7,20,20,5.130407,6.665130,1777,1777,1980,1980
with_repeater,full_coverage,2,leo,186.0,900.0,66,5,5,8,8,21,21,0.131918,61.814326,1777,1777,1980,1980
with_repeater,full_coverage,3,earth,186.0,900.0,66,5,5,8,8,21,21,0.183680,62.608596,1777,1777,1980,1980
blackout_only,full_coverage,0,mars,186.0,900.0,67,0,1,0,2,0,3,,,1777,1777,1980,1980
blackout_only,full_coverage,1,moon,186.0,900.0,67,5,5,7,7,20,20,5.130656,6.706500,1777,1777,1980,1980
blackout_only,full_coverage,2,leo,186.0,900.0,67,5,5,8,8,21,21,0.129233,61.825740,1777,1777,1980,1980
blackout_only,full_coverage,3,earth,186.0,900.0,67,5,5,8,8,21,21,0.181460,62.566488,1777,1777,1980,1980
with_repeater,full_coverage,0,mars,186.0,900.0,67,0,1,0,2,0,3,,,1777,1777,1980,1980
with_repeater,full_coverage,1,moon,186.0,900.0,67,5,5,7,7,20,20,5.130524,6.694790,1777,1777,1980,1980
with_repeater,full_coverage,2,leo,186.0,900.0,67,5,5,8,8,21,21,0.131302,61.827377,1777,1777,1980,1980
with_repeater,full_coverage,3,earth,186.0,900.0,67,5,5,8,8,21,21,0.184579,62.606552,1777,1777,1980,1980
blackout_only,full_coverage,0,mars,186.0,900.0,68,0,1,0,2,0,3,,,1777,1777,1980,1980
blackout_only,full_coverage,1,moon,186.0,900.0,68,5,5,7,7,20,20,5.130129,6.667554,1777,1777,1980,1980
blackout_only,full_coverage,2,leo,186.0,900.0,68,5,5,8,8,21,21,0.130443,61.810373,1777,1777,1980,1980
blackout_only,full_coverage,3,earth,186.0,900.0,68,5,5,8,8,21,21,0.185102,62.601240,1777,1777,1980,1980
with_repeater,full_coverage,0,mars,186.0,900.0,68,0,1,0,2,0,3,,,1777,1777,1980,1980
with_repeater,full_coverage,1,moon,186.0,900.0,68,5,5,7,7,20,20,5.129170,6.698393,1777,1777,1980,1980
with_repeater,full_coverage,2,leo,186.0,900.0,68,5,5,8,8,21,21,0.130269,61.819688,1777,1777,1980,1980
with_repeater,full_coverage,3,earth,186.0,900.0,68,5,5,8,8,21,21,0.184487,62.602318,1777,1777,1980,1980
blackout_only,full_coverage,0,mars,186.0,900.0,69,0,1,0,2,0,3,,,1777,1777,1980,1980
blackout_only,full_coverage,1,moon,186.0,900.0,69,5,5,7,7,20,20,5.130627,6.666429,1777,1777,1980,1980
blackout_only,full_coverage,2,leo,186.0,900.0,69,5,5,8,8,21,21,0.131384,61.847357,1777,1777,1980,1980
blackout_only,full_coverage,3,earth,186.0,900.0,69,5,5,8,8,21,21,0.182585,62.539660,1777,1777,1980,1980
with_repeater,full_coverage,0,mars,186.0,900.0,69,0,1,0,2,0,3,,,1777,1777,1980,1980
with_repeater,full_coverage,1,moon,186.0,900.0,69,5,5,7,7,20,20,5.128793,6.663003,1777,1777,1980,1980
with_repeater,full_coverage,2,leo,186.0,900.0,69,5,5,8,8,21,21,0.131163,61.837303,1777,1777,1980,1980
with_repeater,full_coverage,3,earth,186.0,900.0,69,5,5,8,8,21,21,0.183357,62.582801,1777,1777,1980,1980
blackout_only,full_coverage,0,mars,186.0,900.0,70,0,1,0,2,0,3,,,1778,1778,1980,1980
blackout_only,full_coverage,1,moon,186.0,900.0,70,5,5,7,7,20,20,5.131937,6.690246,1778,1778,1980,1980
blackout_only,full_coverage,2,leo,186.0,900.0,70,5,5,8,8,21,21,0.130021,61.801707,1778,1778,1980,1980
blackout_only,full_coverage,3,earth,186.0,900.0,70,5,5,8,8,21,21,0.183097,62.564065,1778,1778,1980,1980
with_repeater,full_coverage,0,mars,186.0,900.0,70,0,1,0,2,0,3,,,1778,1778,1980,1980
with_repeater,full_coverage,1,moon,186.0,900.0,70,5,5,7,7,20,20,5.130055,6.702904,1778,1778,1980,1980
with_repeater,full_coverage,2,leo,186.0,900.0,70,5,5,8,8,21,21,0.131368,61.838640,1778,1778,1980,1980
with_repeater,full_coverage,3,earth,186.0,900.0,70,5,5,8,8,21,21,0.182054,62.550064,1778,1778,1980,1980
blackout_only,full_coverage,0,mars,186.0,900.0,71,0,1,0,2,0,3,,,1777,1777,1980,1980
blackout_only,full_coverage,1,moon,186.0,900.0,71,5,5,7,7,20,20,5.130775,6.725318,1777,1777,1980,1980
blackout_only,full_coverage,2,leo,186.0,900.0,71,5,5,8,8,21,21,0.132512,61.867842,1777,1777,1980,1980
blackout_only,full_coverage,3,earth,186.0,900.0,71,5,5,8,8,21,21,0.182773,62.537502,1777,1777,1980,1980
with_repeater,full_coverage,0,mars,186.0,900.0,71,0,1,0,2,0,3,,,1777,1777,1980,1980
with_repeater,full_coverage,1,moon,186.0,900.0,71,5,5,7,7,20,20,5.132424,6.740660,1777,1777,1980,1980
with_repeater,full_coverage,2,leo,186.0,900.0,71,5,5,8,8,21,21,0.131665,61.842246,1777,1777,1980,1980
with_repeater,full_coverage,3,earth,186.0,900.0,71,5,5,8,8,21,21,0.183511,62.557996,1777,1777,1980,1980
blackout_only,full_coverage,0,mars,186.0,900.0,72,0,1,0,2,0,3,,,1777,1777,1980,1980
blackout_only,full_coverage,1,moon,186.0,900.0,72,5,5,7,7,20,20,5.129336,6.679252,1777,1777,1980,1980
blackout_only,full_coverage,2,leo,186.0,900.0,72,5,5,8,8,21,21,0.130838,61.837770,1777,1777,1980,1980
blackout_only,full_coverage,3,earth,186.0,900.0,72,5,5,8,8,21,21,0.182240,62.552141,1777,1777,1980,1980
with_repeater,full_coverage,0,mars,186.0,900.0,72,0,1,0,2,0,3,,,1777,1777,1980,1980
with_repeater,full_coverage,1,moon,186.0,900.0,72,5,5,7,7,20,20,5.131035,6.685424,1777,1777,1980,1980
with_repeater,full_coverage,2,leo,186.0,900.0,72,5,5,8,8,21,21,0.129199,61.782065,1777,1777,1980,1980
with_repeater,full_coverage,3,earth,186.0,900.0,72,5,5,8,8,21,21,0.182411,62.600403,1777,1777,1980,1980
blackout_only,full_coverage,0,mars,186.0,900.0,73,0,1,0,2,0,3,,,1777,1777,1980,1980
blackout_only,full_coverage,1,moon,186.0,900.0,73,5,5,7,7,20,20,5.129722,6.696486,1777,1777,1980,1980
blackout_only,full_coverage,2,leo,186.0,900.0,73,5,5,8,8,21,21,0.131587,61.830479,1777,1777,1980,1980
blackout_only,full_coverage,3,earth,186.0,900.0,73,5,5,8,8,21,21,0.182041,62.568259,1777,1777,1980,1980
with_repeater,full_coverage,0,mars,186.0,900.0,73,0,1,0,2,0,3,,,1777,1777,1980,1980
with_repeater,full_coverage,1,moon,186.0,900.0,73,5,5,7,7,20,20,5.133220,6.746102,1777,1777,1980,1980
with_repeater,full_coverage,2,leo,186.0,900.0,73,5,5,8,8,21,21,0.130642,61.824238,1777,1777,1980,1980
with_repeater,full_coverage,3,earth,186.0,900.0,73,5,5,8,8,21,21,0.182364,62.544388,1777,1777,1980,1980
blackout_only,full_coverage,0,mars,186.0,900.0,74,0,1,0,2,0,3,,,1777,1777,1980,1980
blackout_only,full_coverage,1,moon,186.0,900.0,74,5,5,7,7,20,20,5.132186,6.721714,1777,1777,1980,1980
blackout_only,full_coverage,2,leo,186.0,900.0,74,5,5,8,8,21,21,0.131875,61.836880,1777,1777,1980,1980
blackout_only,full_coverage,3,earth,186.0,900.0,74,5,5,8,8,21,21,0.181867,62.495156,1777,1777,1980,1980
with_repeater,full_coverage,0,mars,186.0,900.0,74,0,1,0,2,0,3,,,1778,1778,1980,1980
with_repeater,full_coverage,1,moon,186.0,900.0,74,5,5,7,7,20,20,5.131545,6.693603,1778,1778,1980,1980
with_repeater,full_coverage,2,leo,186.0,900.0,74,5,5,8,8,21,21,0.131385,61.865770,1778,1778,1980,1980
with_repeater,full_coverage,3,earth,186.0,900.0,74,5,5,8,8,21,21,0.181605,62.517314,1778,1778,1980,1980
blackout_only,full_coverage,0,mars,186.0,900.0,75,0,1,0,2,0,3,,,1777,1777,1980,1980
blackout_only,full_coverage,1,moon,186.0,900.0,75,5,5,7,7,20,20,5.131574,6.699511,1777,1777,1980,1980
blackout_only,full_coverage,2,leo,186.0,900.0,75,5,5,8,8,21,21,0.129496,61.818109,1777,1777,1980,1980
blackout_only,full_coverage,3,earth,186.0,900.0,75,5,5,8,8,21,21,0.184800,62.584641,1777,1777,1980,1980
with_repeater,full_coverage,0,mars,186.0,900.0,75,0,1,0,2,0,3,,,1777,1777,1980,1980
with_repeater,full_coverage,1,moon,186.0,900.0,75,5,5,7,7,20,20,5.130638,6.697672,1777,1777,1980,1980
with_repeater,full_coverage,2,leo,186.0,900.0,75,5,5,8,8,21,21,0.131386,61.815799,1777,1777,1980,1980
with_repeater,full_coverage,3,earth,186.0,900.0,75,5,5,8,8,21,21,0.185058,62.591368,1777,1777,1980,1980
blackout_only,full_coverage,0,mars,186.0,900.0,76,0,1,0,2,0,3,,,1777,1777,1980,1980
blackout_only,full_coverage,1,moon,186.0,900.0,76,5,5,7,7,20,20,5.132073,6.733174,1777,1777,1980,1980
blackout_only,full_coverage,2,leo,186.0,900.0,76,5,5,8,8,21,21,0.131883,61.854159,1777,1777,1980,1980
blackout_only,full_coverage,3,earth,186.0,900.0,76,5,5,8,8,21,21,0.181517,62.549823,1777,1777,1980,1980
with_repeater,full_coverage,0,mars,186.0,900.0,76,0,1,0,2,0,3,,,1777,1777,1980,1980
with_repeater,full_coverage,1,moon,186.0,900.0,76,5,5,7,7,20,20,5.130291,6.704885,1777,1777,1980,1980
with_repeater,full_coverage,2,leo,186.0,900.0,76,5,5,8,8,21,21,0.131366,61.834670,1777,1777,1980,1980
with_repeater,full_coverage,3,earth,186.0,900.0,76,5,5,8,8,21,21,0.183506,62.595782,1777,1777,1980,1980
blackout_only,full_coverage,0,mars,186.0,900.0,77,0,1,0,2,0,3,,,1777,1777,1980,1980
blackout_only,full_coverage,1,moon,186.0,900.0,77,5,5,7,7,20,20,5.133745,6.726204,1777,1777,1980,1980
blackout_only,full_coverage,2,leo,186.0,900.0,77,5,5,8,8,21,21,0.130097,61.804793,1777,1777,1980,1980
blackout_only,full_coverage,3,earth,186.0,900.0,77,5,5,8,8,21,21,0.184349,62.611000,1777,1777,1980,1980
with_repeater,full_coverage,0,mars,186.0,900.0,77,0,1,0,2,0,3,,,1777,1777,1980,1980
with_repeater,full_coverage,1,moon,186.0,900.0,77,5,5,7,7,20,20,5.130309,6.721770,1777,1777,1980,1980
with_repeater,full_coverage,2,leo,186.0,900.0,77,5,5,8,8,21,21,0.128808,61.782202,1777,1777,1980,1980
with_repeater,full_coverage,3,earth,186.0,900.0,77,5,5,8,8,21,21,0.182525,62.563092,1777,1777,1980,1980
blackout_only,full_coverage,0,mars,186.0,900.0,78,0,1,0,2,0,3,,,1777,1777,1980,1980
blackout_only,full_coverage,1,moon,186.0,900.0,78,5,5,7,7,20,20,5.130958,6.721933,1777,1777,1980,1980
blackout_only,full_coverage,2,leo,186.0,900.0,78,5,5,8,8,21,21,0.129829,61.821711,1777,1777,1980,1980
blackout_only,full_coverage,3,earth,186.0,900.0,78,5,5,8,8,21,21,0.182293,62.541041,1777,1777,1980,1980
with_repeater,full_coverage,0,mars,186.0,900.0,78,0,1,0,2,0,3,,,1777,1777,1980,1980
with_repeater,full_coverage,1,moon,186.0,900.0,78,5,5,7,7,20,20,5.135109,6.725942,1777,1777,1980,1980
with_repeater,full_coverage,2,leo,186.0,900.0,78,5,5,8,8,21,21,0.130271,61.831668,1777,1777,1980,1980
with_repeater,full_coverage,3,earth,186.0,900.0,78,5,5,8,8,21,21,0.183601,62.609558,1777,1777,1980,1980
blackout_only,full_coverage,0,mars,186.0,900.0,79,0,1,0,2,0,3,,,1777,1777,1980,1980
blackout_only,full_coverage,1,moon,186.0,900.0,79,5,5,7,7,20,20,5.130543,6.713326,1777,1777,1980,1980
blackout_only,full_coverage,2,leo,186.0,900.0,79,5,5,8,8,21,21,0.132649,61.853637,1777,1777,1980,1980
blackout_only,full_coverage,3,earth,186.0,900.0,79,5,5,8,8,21,21,0.183151,62.558742,1777,1777,1980,1980
with_repeater,full_coverage,0,mars,186.0,900.0,79,0,1,0,2,0,3,,,1778,1778,1980,1980
with_repeater,full_coverage,1,moon,186.0,900.0,79,5,5,7,7,20,20,5.130100,6.701454,1778,1778,1980,1980
with_repeater,full_coverage,2,leo,186.0,900.0,79,5,5,8,8,21,21,0.132098,61.836965,1778,1778,1980,1980
with_repeater,full_coverage,3,earth,186.0,900.0,79,5,5,8,8,21,21,0.187413,62.626424,1778,1778,1980,1980
blackout_only,full_coverage,0,mars,186.0,900.0,80,0,1,0,2,0,3,,,1777,1777,1980,1980
blackout_only,full_coverage,1,moon,186.0,900.0,80,5,5,7,7,20,20,5.132788,6.766482,1777,1777,1980,1980
blackout_only,full_coverage,2,leo,186.0,900.0,80,5,5,8,8,21,21,0.132248,61.858193,1777,1777,1980,1980
blackout_only,full_coverage,3,earth,186.0,900.0,80,5,5,8,8,21,21,0.183071,62.573424,1777,1777,1980,1980
with_repeater,full_coverage,0,mars,186.0,900.0,80,0,1,0,2,0,3,,,1777,1777,1980,1980
with_repeater,full_coverage,1,moon,186.0,900.0,80,5,5,7,7,20,20,5.133844,6.747776,1777,1777,1980,1980
with_repeater,full_coverage,2,leo,186.0,900.0,80,5,5,8,8,21,21,0.129948,61.822256,1777,1777,1980,1980
with_repeater,full_coverage,3,earth,186.0,900.0,80,5,5,8,8,21,21,0.184352,62.589045,1777,1777,1980,1980
blackout_only,full_coverage,0,mars,186.0,900.0,81,0,1,0,2,0,3,,,1777,1777,1980,1980
blackout_only,full_coverage,1,moon,186.0,900.0,81,5,5,7,7,20,20,5.130797,6.710174,1777,1777,1980,1980
blackout_only,full_coverage,2,leo,186.0,900.0,81,5,5,8,8,21,21,0.132458,61.849879,1777,1777,1980,1980
blackout_only,full_coverage,3,earth,186.0,900.0,81,5,5,8,8,21,21,0.180645,62.534722,1777,1777,1980,1980
with_repeater,full_coverage,0,mars,186.0,900.0,81,0,1,0,2,0,3,,,1777,1777,1980,1980
with_repeater,full_coverage,1,moon,186.0,900.0,81,5,5,7,7,20,20,5.129538,6.649550,1777,1777,1980,1980
with_repeater,full_coverage,2,leo,186.0,900.0,81,5,5,8,8,21,21,0.131614,61.848534,1777,1777,1980,1980
with_repeater,full_coverage,3,earth,186.0,900.0,81,5,5,8,8,21,21,0.184132,62.593434,1777,1777,1980,1980
blackout_only,full_coverage,0,mars,186.0,900.0,82,0,1,0,2,0,3,,,1778,1778,1980,1980
blackout_only,full_coverage,1,moon,186.0,900.0,82,5,5,7,7,20,20,5.130759,6.671905,1778,1778,1980,1980
blackout_only,full_coverage,2,leo,186.0,900.0,82,5,5,8,8,21,21,0.131759,61.848938,1778,1778,1980,1980
blackout_only,full_coverage,3,earth,186.0,900.0,82,5,5,8,8,21,21,0.182875,62.552215,1778,1778,1980,1980
with_repeater,full_coverage,0,mars,186.0,900.0,82,0,1,0,2,0,3,,,1777,1777,1980,1980
with_repeater,full_coverage,1,moon,186.0,900.0,82,5,5,7,7,20,20,5.131560,6.691836,1777,1777,1980,1980
with_repeater,full_coverage,2,leo,186.0,900.0,82,5,5,8,8,21,21,0.131478,61.859204,1777,1777,1980,1980
with_repeater,full_coverage,3,earth,186.0,900.0,82,5,5,8,8,21,21,0.181781,62.511482,1777,1777,1980,1980
blackout_only,full_coverage,0,mars,186.0,900.0,83,0,1,0,2,0,3,,,1778,1778,1980,1980
blackout_only,full_coverage,1,moon,186.0,900.0,83,5,5,7,7,20,20,5.127404,6.640043,1778,1778,1980,1980
blackout_only,full_coverage,2,leo,186.0,900.0,83,5,5,8,8,21,21,0.132814,61.848434,1778,1778,1980,1980
blackout_only,full_coverage,3,earth,186.0,900.0,83,5,5,8,8,21,21,0.182632,62.562612,1778,1778,1980,1980
with_repeater,full_coverage,0,mars,186.0,900.0,83,0,1,0,2,0,3,,,1777,1777,1980,1980
with_repeater,full_coverage,1,moon,186.0,900.0,83,5,5,7,7,20,20,5.127513,6.638517,1777,1777,1980,1980
with_repeater,full_coverage,2,leo,186.0,900.0,83,5,5,8,8,21,21,0.130612,61.829311,1777,1777,1980,1980
with_repeater,full_coverage,3,earth,186.0,900.0,83,5,5,8,8,21,21,0.182729,62.547295,1777,1777,1980,1980
blackout_only,full_coverage,0,mars,186.0,900.0,84,0,1,0,2,0,3,,,1777,1777,1980,1980
blackout_only,full_coverage,1,moon,186.0,900.0,84,5,5,7,7,20,20,5.132688,6.734816,1777,1777,1980,1980
blackout_only,full_coverage,2,leo,186.0,900.0,84,5,5,8,8,21,21,0.131938,61.844627,1777,1777,1980,1980
blackout_only,full_coverage,3,earth,186.0,900.0,84,5,5,8,8,21,21,0.182764,62.501346,1777,1777,1980,1980
with_repeater,full_coverage,0,mars,186.0,900.0,84,0,1,0,2,0,3,,,1777,1777,1980,1980
with_repeater,full_coverage,1,moon,186.0,900.0,84,5,5,7,7,20,20,5.132083,6.733104,1777,1777,1980,1980
with_repeater,full_coverage,2,leo,186.0,900.0,84,5,5,8,8,21,21,0.133203,61.873996,1777,1777,1980,1980
with_repeater,full_coverage,3,earth,186.0,900.0,84,5,5,8,8,21,21,0.181447,62.526768,1777,1777,1980,1980
blackout_only,full_coverage,0,mars,186.0,900.0,85,0,1,0,2,0,3,,,1777,1777,1980,1980
blackout_only,full_coverage,1,moon,186.0,900.0,85,5,5,7,7,20,20,5.131625,6.733816,1777,1777,1980,1980
blackout_only,full_coverage,2,leo,186.0,900.0,85,5,5,8,8,21,21,0.132410,61.844681,1777,1777,1980,1980
blackout_only,full_coverage,3,earth,186.0,900.0,85,5,5,8,8,21,21,0.182403,62.522189,1777,1777,1980,1980
with_repeater,full_coverage,0,mars,186.0,900.0,85,0,1,0,2,0,3,,,1777,1777,1980,1980
with_repeater,full_coverage,1,moon,186.0,900.0,85,5,5,7,7,20,20,5.132341,6.744228,1777,1777,1980,1980
with_repeater,full_coverage,2,leo,186.0,900.0,85,5,5,8,8,21,21,0.130900,61.856664,1777,1777,1980,1980
with_repeater,full_coverage,3,earth,186.0,900.0,85,5,5,8,8,21,21,0.182058,62.550366,1777,1777,1980,1980
blackout_only,full_coverage,0,mars,186.0,900.0,86,0,1,0,2,0,3,,,1777,1777,1980,1980
blackout_only,full_coverage,1,moon,186.0,900.0,86,5,5,7,7,20,20,5.130139,6.674555,1777,1777,1980,1980
blackout_only,full_coverage,2,leo,186.0,900.0,86,5,5,8,8,21,21,0.131409,61.846438,1777,1777,1980,1980
blackout_only,full_coverage,3,earth,186.0,900.0,86,5,5,8,8,21,21,0.181890,62.561857,1777,1777,1980,1980
with_repeater,full_coverage,0,mars,186.0,900.0,86,0,1,0,2,0,3,,,1777,1777,1980,1980
with_repeater,full_coverage,1,moon,186.0,900.0,86,5,5,7,7,20,20,5.129919,6.696001,1777,1777,1980,1980
with_repeater,full_coverage,2,leo,186.0,900.0,86,5,5,8,8,21,21,0.131386,61.840147,1777,1777,1980,1980
with_repeater,full_coverage,3,earth,186.0,900.0,86,5,5,8,8,21,21,0.185536,62.597706,1777,1777,1980,1980
blackout_only,full_coverage,0,mars,186.0,900.0,87,0,1,0,2,0,3,,,1778,1778,1980,1980
blackout_only,full_coverage,1,moon,186.0,900.0,87,5,5,7,7,20,20,5.133548,6.769741,1778,1778,1980,1980
blackout_only,full_coverage,2,leo,186.0,900.0,87,5,5,8,8,21,21,0.132759,61.853205,1778,1778,1980,1980
blackout_only,full_coverage,3,earth,186.0,900.0,87,5,5,8,8,21,21,0.184318,62.587307,1778,1778,1980,1980
with_repeater,full_coverage,0,mars,186.0,900.0,87,0,1,0,2,0,3,,,1778,1778,1980,1980
with_repeater,full_coverage,1,moon,186.0,900.0,87,5,5,7,7,20,20,5.132207,6.720753,1778,1778,1980,1980
with_repeater,full_coverage,2,leo,186.0,900.0,87,5,5,8,8,21,21,0.131579,61.844253,1778,1778,1980,1980
with_repeater,full_coverage,3,earth,186.0,900.0,87,5,5,8,8,21,21,0.182287,62.534799,1778,1778,1980,1980
blackout_only,full_coverage,0,mars,186.0,900.0,88,0,1,0,2,0,3,,,1777,1777,1980,1980
blackout_only,full_coverage,1,moon,186.0,900.0,88,5,5,7,7,20,20,5.130372,6.687123,1777,1777,1980,1980
blackout_only,full_coverage,2,leo,186.0,900.0,88,5,5,8,8,21,21,0.130110,61.804149,1777,1777,1980,1980
blackout_only,full_coverage,3,earth,186.0,900.0,88,5,5,8,8,21,21,0.183046,62.569709,1777,1777,1980,1980
with_repeater,full_coverage,0,mars,186.0,900.0,88,0,1,0,2,0,3,,,1777,1777,1980,1980
with_repeater,full_coverage,1,moon,186.0,900.0,88,5,5,7,7,20,20,5.130990,6.701156,1777,1777,1980,1980
with_repeater,full_coverage,2,leo,186.0,900.0,88,5,5,8,8,21,21,0.133068,61.847766,1777,1777,1980,1980
with_repeater,full_coverage,3,earth,186.0,900.0,88,5,5,8,8,21,21,0.182461,62.554636,1777,1777,1980,1980
blackout_only,full_coverage,0,mars,186.0,900.0,89,0,1,0,2,0,3,,,1777,1777,1980,1980
blackout_only,full_coverage,1,moon,186.0,900.0,89,5,5,7,7,20,20,5.131519,6.693151,1777,1777,1980,1980
blackout_only,full_coverage,2,leo,186.0,900.0,89,5,5,8,8,21,21,0.130625,61.834419,1777,1777,1980,1980
blackout_only,full_coverage,3,earth,186.0,900.0,89,5,5,8,8,21,21,0.183027,62.541872,1777,1777,1980,1980
with_repeater,full_coverage,0,mars,186.0,900.0,89,0,1,0,2,0,3,,,1777,1777,1980,1980
with_repeater,full_coverage,1,moon,186.0,900.0,89,5,5,7,7,20,20,5.131800,6.710644,1777,1777,1980,1980
with_repeater,full_coverage,2,leo,186.0,900.0,89,5,5,8,8,21,21,0.131226,61.811075,1777,1777,1980,1980
with_repeater,full_coverage,3,earth,186.0,900.0,89,5,5,8,8,21,21,0.182864,62.520922,1777,1777,1980,1980
