scenario,global_q2_thresh,earth_q1,earth_q2,crash_count,seed,earth_local_rate,global_pre_rate,global_during_rate,global_post_rate,global_transition_success,global_transition_total,phase_timeout_s,pre_window_s,post_window_s,temporally_scaled,recovery_lag_s,avg_global_latency_s,avg_earth_latency_s
strict_std_0crash,strict,4,2,0,40,1.0,1.0,1.0,1.0,0,0,500.0,930.0,2500.0,1,93.08195124242457,0.18138911771772215,0.25079869319832954
strict_std_0crash,strict,4,2,0,41,1.0,1.0,1.0,1.0,0,0,500.0,930.0,2500.0,1,93.11120170320078,0.18279937659168752,0.2510002522627673
strict_std_0crash,strict,4,2,0,42,1.0,1.0,1.0,1.0,0,0,500.0,930.0,2500.0,1,93.08270219345582,0.18168273359817164,0.25091440839148776
strict_std_0crash,strict,4,2,0,43,1.0,1.0,1.0,1.0,0,0,500.0,930.0,2500.0,1,93.12094379284281,0.18305969917175732,0.25100077154416217
strict_std_0crash,strict,4,2,0,44,1.0,1.0,1.0,1.0,0,0,500.0,930.0,2500.0,1,93.05614657761544,0.1824867027577462,0.25091307190388545
strict_std_0crash,strict,4,2,0,45,1.0,1.0,1.0,1.0,0,0,500.0,930.0,2500.0,1,93.13431984011913,0.1848655031117541,0.2512079654597474
strict_std_0crash,strict,4,2,0,46,1.0,1.0,1.0,1.0,0,0,500.0,930.0,2500.0,1,93.13949937512916,0.18516338598903384,0.2508132188274044
strict_std_0crash,strict,4,2,0,47,1.0,1.0,1.0,1.0,0,0,500.0,930.0,2500.0,1,93.15906501119639,0.18423347337951207,0.2510048785011029
strict_std_0crash,strict,4,2,0,48,1.0,1.0,1.0,1.0,0,0,500.0,930.0,2500.0,1,93.09964643872695,0.18209652924956315,0.25110124132218936
strict_std_0crash,strict,4,2,0,49,1.0,1.0,1.0,1.0,0,0,500.0,930.0,2500.0,1,93.11500388135323,0.18198503917828895,0.25077397845920707
strict_std_0crash,strict,4,2,0,50,1.0,1.0,1.0,1.0,0,0,500.0,930.0,2500.0,1,93.11879411465361,0.18271688688182947,0.25119366395779513
strict_std_0crash,strict,4,2,0,51,1.0,1.0,1.0,1.0,0,0,500.0,930.0,2500.0,1,93.13046744225358,0.1856623666778062,0.2510953641363008
strict_std_0crash,strict,4,2,0,52,1.0,1.0,1.0,1.0,0,0,500.0,930.0,2500.0,1,93.17464424435934,0.18389265437634303,0.25089424375918706
strict_std_0crash,strict,4,2,0,53,1.0,1.0,1.0,1.0,0,0,500.0,930.0,2500.0,1,93.0961458518841,0.1838666059870093,0.25075044436889565
strict_std_0crash,strict,4,2,0,54,1.0,1.0,1.0,1.0,0,0,500.0,930.0,2500.0,1,93.09868773455219,0.18313813031979542,0.25092535711267827
strict_std_0crash,strict,4,2,0,55,1.0,1.0,1.0,1.0,0,0,500.0,930.0,2500.0,1,93.09300191610077,0.18142966421027065,0.25088652974453723
strict_std_0crash,strict,4,2,0,56,1.0,1.0,1.0,1.0,0,0,500.0,930.0,2500.0,1,93.14741646068842,0.18349930469955347,0.2508621142438008
strict_std_0crash,strict,4,2,0,57,1.0,1.0,1.0,1.0,0,0,500.0,930.0,2500.0,1,93.10238986331069,0.1823809362742177,0.2512378286107075
strict_std_0crash,strict,4,2,0,58,1.0,1.0,1.0,1.0,0,0,500.0,930.0,2500.0,1,93.12127911621496,0.18474326362059382,0.25091559377957595
strict_std_0crash,strict,4,2,0,59,1.0,1.0,1.0,1.0,0,0,500.0,930.0,2500.0,1,93.02362438299565,0.18078880927080304,0.25138748573486525
strict_std_0crash,strict,4,2,0,60,1.0,1.0,1.0,1.0,0,0,500.0,930.0,2500.0,1,93.0913186907153,0.1811164323053295,0.25118799837875516
strict_std_0crash,strict,4,2,0,61,1.0,1.0,1.0,1.0,0,0,500.0,930.0,2500.0,1,93.13269204295648,0.18401959223276015,0.25102866801180057
strict_std_0crash,strict,4,2,0,62,1.0,1.0,1.0,1.0,0,0,500.0,930.0,2500.0,1,93.06255035510935,0.18119871476909585,0.25107176247498575
strict_std_0crash,strict,4,2,0,63,1.0,1.0,1.0,1.0,0,0,500.0,930.0,2500.0,1,93.10951153499377,0.1824084605872963,0.25074420871579456
strict_std_0crash,strict,4,2,0,64,1.0,1.0,1.0,1.0,0,0,500.0,930.0,2500.0,1,93.10795822883097,0.18233447725811913,0.25094491461466456
strict_std_0crash,strict,4,2,0,65,1.0,1.0,1.0,1.0,0,0,500.0,930.0,2500.0,1,93.07851866455167,0.1810414657815961,0.2508589279571246
strict_std_0crash,strict,4,2,0,66,1.0,1.0,1.0,1.0,0,0,500.0,930.0,2500.0,1,93.10768011008327,0.18274021067831817,0.2509021230708637
strict_std_0crash,strict,4,2,0,67,1.0,1.0,1.0,1.0,0,0,500.0,930.0,2500.0,1,93.03491938115963,0.18021619276250395,0.2509107125509303
strict_std_0crash,strict,4,2,0,68,1.0,1.0,1.0,1.0,0,0,500.0,930.0,2500.0,1,93.09500844847071,0.18272030148644663,0.25095484103024246
strict_std_0crash,strict,4,2,0,69,1.0,1.0,1.0,1.0,0,0,500.0,930.0,2500.0,1,93.12216896425889,0.1840753892839552,0.25099589729892646
strict_std_0crash,strict,4,2,0,70,1.0,1.0,1.0,1.0,0,0,500.0,930.0,2500.0,1,93.16794085139213,0.18575377682973804,0.2510306767065524
strict_std_0crash,strict,4,2,0,71,1.0,1.0,1.0,1.0,0,0,500.0,930.0,2500.0,1,93.11657560967387,0.18291005928228066,0.25110239735616163
strict_std_0crash,strict,4,2,0,72,1.0,1.0,1.0,1.0,0,0,500.0,930.0,2500.0,1,93.07958420044451,0.18214398102686766,0.2511186404443594
strict_std_0crash,strict,4,2,0,73,1.0,1.0,1.0,1.0,0,0,500.0,930.0,2500.0,1,93.07601992144464,0.1833467681939893,0.25085894871344266
strict_std_0crash,strict,4,2,0,74,1.0,1.0,1.0,1.0,0,0,500.0,930.0,2500.0,1,93.13846227465092,0.18394210490021756,0.25096620062507985
strict_std_0crash,strict,4,2,0,75,1.0,1.0,1.0,1.0,0,0,500.0,930.0,2500.0,1,93.0800115342347,0.1813147775588727,0.25074062799858826
strict_std_0crash,strict,4,2,0,76,1.0,1.0,1.0,1.0,0,0,500.0,930.0,2500.0,1,93.11044047190012,0.18413057663447838,0.2508568368645371
strict_std_0crash,strict,4,2,0,77,1.0,1.0,1.0,1.0,0,0,500.0,930.0,2500.0,1,93.1623453980817,0.1838077707884455,0.2510113231877595
strict_std_0crash,strict,4,2,0,78,1.0,1.0,1.0,1.0,0,0,500.0,930.0,2500.0,1,93.17536976322094,0.18498108297082191,0.2511736370947458
strict_std_0crash,strict,4,2,0,79,1.0,1.0,1.0,1.0,0,0,500.0,930.0,2500.0,1,93.0585227424699,0.1814914768017925,0.2513819998291949
strict_std_0crash,strict,4,2,0,80,1.0,1.0,1.0,1.0,0,0,500.0,930.0,2500.0,1,93.08315368981653,0.18319542521596038,0.25089011002032574
strict_std_0crash,strict,4,2,0,81,1.0,1.0,1.0,1.0,0,0,500.0,930.0,2500.0,1,93.10548028450967,0.18247506359237567,0.25103698173764843
strict_std_0crash,strict,4,2,0,82,1.0,1.0,1.0,1.0,0,0,500.0,930.0,2500.0,1,93.16446771392225,0.18297172060570147,0.2511774442988366
strict_std_0crash,strict,4,2,0,83,1.0,1.0,1.0,1.0,0,0,500.0,930.0,2500.0,1,93.14793073263877,0.18458028749019023,0.25078570882619683
strict_std_0crash,strict,4,2,0,84,1.0,1.0,1.0,1.0,0,0,500.0,930.0,2500.0,1,93.04385671937212,0.18090484197148032,0.2510691784613353
strict_std_0crash,strict,4,2,0,85,1.0,1.0,1.0,1.0,0,0,500.0,930.0,2500.0,1,93.12629951786744,0.1844574386444134,0.2509218761776304
strict_std_0crash,strict,4,2,0,86,1.0,1.0,1.0,1.0,0,0,500.0,930.0,2500.0,1,93.14692032801076,0.18354247889830821,0.25114375682290724
strict_std_0crash,strict,4,2,0,87,1.0,1.0,1.0,1.0,0,0,500.0,930.0,2500.0,1,93.12453079032798,0.18408764108597409,0.2508682044452796
strict_std_0crash,strict,4,2,0,88,1.0,1.0,1.0,1.0,0,0,500.0,930.0,2500.0,1,93.08484984289771,0.18161380821137768,0.25126842902114865
strict_std_0crash,strict,4,2,0,89,1.0,1.0,1.0,1.0,0,0,500.0,930.0,2500.0,1,93.14478695926277,0.18327306357864173,0.2510318909896797
strict_std_1crash,strict,4,2,1,40,1.0,1.0,0.0,0.0,0,1,500.0,930.0,2500.0,1,,0.18125565413212846,0.25066467286107696
strict_std_1crash,strict,4,2,1,41,1.0,1.0,0.0,0.0,0,1,500.0,930.0,2500.0,1,,0.18400596020713436,0.25103654133282993
strict_std_1crash,strict,4,2,1,42,1.0,1.0,0.0,0.0,0,1,500.0,930.0,2500.0,1,,0.18154158059656494,0.25099084549481093
strict_std_1crash,strict,4,2,1,43,1.0,1.0,0.0,0.0,0,1,500.0,930.0,2500.0,1,,0.18266510619288626,0.25099493823994296
strict_std_1crash,strict,4,2,1,44,1.0,1.0,0.0,0.0,0,1,500.0,930.0,2500.0,1,,0.18099784897249263,0.2508702937350258
strict_std_1crash,strict,4,2,1,45,1.0,1.0,0.0,0.0,0,1,500.0,930.0,2500.0,1,,0.18162876694752653,0.25086246845395704
strict_std_1crash,strict,4,2,1,46,1.0,1.0,0.0,0.0,0,1,500.0,930.0,2500.0,1,,0.18292265362859778,0.25079748778934474
strict_std_1crash,strict,4,2,1,47,1.0,1.0,0.0,0.0,0,1,500.0,930.0,2500.0,1,,0.18693139189184327,0.250943592270094
strict_std_1crash,strict,4,2,1,48,1.0,1.0,0.0,0.0,0,1,500.0,930.0,2500.0,1,,0.17995439089950996,0.25088816860889096
strict_std_1crash,strict,4,2,1,49,1.0,1.0,0.0,0.0,0,1,500.0,930.0,2500.0,1,,0.18510605459773458,0.25089611319055766
strict_std_1crash,strict,4,2,1,50,1.0,1.0,0.0,0.0,0,1,500.0,930.0,2500.0,1,,0.18469135930285546,0.2511925761922791
strict_std_1crash,strict,4,2,1,51,1.0,1.0,0.0,0.0,0,1,500.0,930.0,2500.0,1,,0.18467402815734807,0.2512044580211071
strict_std_1crash,strict,4,2,1,52,1.0,1.0,0.0,0.0,0,1,500.0,930.0,2500.0,1,,0.1868046095415985,0.25108381611610875
strict_std_1crash,strict,4,2,1,53,1.0,1.0,0.0,0.0,0,1,500.0,930.0,2500.0,1,,0.1818147465637424,0.2510457342288645
strict_std_1crash,strict,4,2,1,54,1.0,1.0,0.0,0.0,0,1,500.0,930.0,2500.0,1,,0.18189044219287157,0.2508332099069789
strict_std_1crash,strict,4,2,1,55,1.0,1.0,0.0,0.0,0,1,500.0,930.0,2500.0,1,,0.18570610110250496,0.25092157343639576
strict_std_1crash,strict,4,2,1,56,1.0,1.0,0.0,0.0,0,1,500.0,930.0,2500.0,1,,0.18847677802581858,0.25111634499451696
strict_std_1crash,strict,4,2,1,57,1.0,1.0,0.0,0.0,0,1,500.0,930.0,2500.0,1,,0.18491526753114013,0.25131196715875476
strict_std_1crash,strict,4,2,1,58,1.0,1.0,0.0,0.0,0,1,500.0,930.0,2500.0,1,,0.1817288368701699,0.2511415837684394
strict_std_1crash,strict,4,2,1,59,1.0,1.0,0.0,0.0,0,1,500.0,930.0,2500.0,1,,0.17897179382516315,0.2508010953922934
strict_std_1crash,strict,4,2,1,60,1.0,1.0,0.0,0.0,0,1,500.0,930.0,2500.0,1,,0.18405676799280443,0.25068083333639585
strict_std_1crash,strict,4,2,1,61,1.0,1.0,0.0,0.0,0,1,500.0,930.0,2500.0,1,,0.18929622605262303,0.25104696102081864
strict_std_1crash,strict,4,2,1,62,1.0,1.0,0.0,0.0,0,1,500.0,930.0,2500.0,1,,0.18242331823797375,0.250991570650401
strict_std_1crash,strict,4,2,1,63,1.0,1.0,0.0,0.0,0,1,500.0,930.0,2500.0,1,,0.18541483582215704,0.250966758858042
strict_std_1crash,strict,4,2,1,64,1.0,1.0,0.0,0.0,0,1,500.0,930.0,2500.0,1,,0.18609664776755802,0.2508764370021986
strict_std_1crash,strict,4,2,1,65,1.0,1.0,0.0,0.0,0,1,500.0,930.0,2500.0,1,,0.1835966287568002,0.2510688539746933
strict_std_1crash,strict,4,2,1,66,1.0,1.0,0.0,0.0,0,1,500.0,930.0,2500.0,1,,0.1817555186680956,0.2509301219157972
strict_std_1crash,strict,4,2,1,67,1.0,1.0,0.0,0.0,0,1,500.0,930.0,2500.0,1,,0.1776951802005961,0.2512086369497551
strict_std_1crash,strict,4,2,1,68,1.0,1.0,0.0,0.0,0,1,500.0,930.0,2500.0,1,,0.1826409064287302,0.25079871947415
strict_std_1crash,strict,4,2,1,69,1.0,1.0,0.0,0.0,0,1,500.0,930.0,2500.0,1,,0.18506859512694024,0.25076270982551985
strict_std_1crash,strict,4,2,1,70,1.0,1.0,0.0,0.0,0,1,500.0,930.0,2500.0,1,,0.1889834077315713,0.2507550370142533
strict_std_1crash,strict,4,2,1,71,1.0,1.0,0.0,0.0,0,1,500.0,930.0,2500.0,1,,0.18480031389991686,0.2510593223243243
strict_std_1crash,strict,4,2,1,72,1.0,1.0,0.0,0.0,0,1,500.0,930.0,2500.0,1,,0.18305063339719863,0.2512641552434944
strict_std_1crash,strict,4,2,1,73,1.0,1.0,0.0,0.0,0,1,500.0,930.0,2500.0,1,,0.18196852004804312,0.25093994410737624
strict_std_1crash,strict,4,2,1,74,1.0,1.0,0.0,0.0,0,1,500.0,930.0,2500.0,1,,0.18541909359983413,0.2512859176323426
strict_std_1crash,strict,4,2,1,75,1.0,1.0,0.0,0.0,0,1,500.0,930.0,2500.0,1,,0.18450424007423927,0.25075975896963304
strict_std_1crash,strict,4,2,1,76,1.0,1.0,0.0,0.0,0,1,500.0,930.0,2500.0,1,,0.1835789145754605,0.250815699870121
strict_std_1crash,strict,4,2,1,77,1.0,1.0,0.0,0.0,0,1,500.0,930.0,2500.0,1,,0.1839606193389125,0.2509319730402771
strict_std_1crash,strict,4,2,1,78,1.0,1.0,0.0,0.0,0,1,500.0,930.0,2500.0,1,,0.18425758107441442,0.2511603150841591
strict_std_1crash,strict,4,2,1,79,1.0,1.0,0.0,0.0,0,1,500.0,930.0,2500.0,1,,0.17578293358643957,0.25140358188812917
strict_std_1crash,strict,4,2,1,80,1.0,1.0,0.0,0.0,0,1,500.0,930.0,2500.0,1,,0.1806967621248511,0.25106490913443436
strict_std_1crash,strict,4,2,1,81,1.0,1.0,0.0,0.0,0,1,500.0,930.0,2500.0,1,,0.18457169882632762,0.2510465852914047
strict_std_1crash,strict,4,2,1,82,1.0,1.0,0.0,0.0,0,1,500.0,930.0,2500.0,1,,0.1828284559791981,0.2508870668566858
strict_std_1crash,strict,4,2,1,83,1.0,1.0,0.0,0.0,0,1,500.0,930.0,2500.0,1,,0.18324784679405365,0.2509106405312373
strict_std_1crash,strict,4,2,1,84,1.0,1.0,0.0,0.0,0,1,500.0,930.0,2500.0,1,,0.1837431792524628,0.2509261801138201
strict_std_1crash,strict,4,2,1,85,1.0,1.0,0.0,0.0,0,1,500.0,930.0,2500.0,1,,0.18576117190251223,0.2509662644344717
strict_std_1crash,strict,4,2,1,86,1.0,1.0,0.0,0.0,0,1,500.0,930.0,2500.0,1,,0.18637682070987038,0.25102372901856296
strict_std_1crash,strict,4,2,1,87,1.0,1.0,0.0,0.0,0,1,500.0,930.0,2500.0,1,,0.18384539048251006,0.2509296874129345
strict_std_1crash,strict,4,2,1,88,1.0,1.0,0.0,0.0,0,1,500.0,930.0,2500.0,1,,0.1827278132647719,0.2513738026042725
strict_std_1crash,strict,4,2,1,89,1.0,1.0,0.0,0.0,0,1,500.0,930.0,2500.0,1,,0.18359901508139315,0.2510037559958202
relax4_std_0crash,4,4,2,0,40,1.0,1.0,1.0,1.0,0,0,500.0,930.0,2500.0,1,94.26451915241478,0.2504412769064867,0.2507447087991646
relax4_std_0crash,4,4,2,0,41,1.0,1.0,1.0,1.0,0,0,500.0,930.0,2500.0,1,94.25774878245306,0.2503221727260378,0.2510673977429369
relax4_std_0crash,4,4,2,0,42,1.0,1.0,1.0,1.0,0,0,500.0,930.0,2500.0,1,94.25825721361707,0.2515527709024685,0.250906294128388
relax4_std_0crash,4,4,2,0,43,1.0,1.0,1.0,1.0,0,0,500.0,930.0,2500.0,1,94.29459509527487,0.2515668050712607,0.25084543249094976
relax4_std_0crash,4,4,2,0,44,1.0,1.0,1.0,1.0,0,0,500.0,930.0,2500.0,1,94.20829057628521,0.2489696098380785,0.2508692582164621
relax4_std_0crash,4,4,2,0,45,1.0,1.0,1.0,1.0,0,0,500.0,930.0,2500.0,1,94.27902801014534,0.2511025061393168,0.25122718081472883
relax4_std_0crash,4,4,2,0,46,1.0,1.0,1.0,1.0,0,0,500.0,930.0,2500.0,1,94.26900613742282,0.2510989970535503,0.25088867805640924
relax4_std_0crash,4,4,2,0,47,1.0,1.0,1.0,1.0,0,0,500.0,930.0,2500.0,1,94.22607026744595,0.25087764321630524,0.25101696584881206
relax4_std_0crash,4,4,2,0,48,1.0,1.0,1.0,1.0,0,0,500.0,930.0,2500.0,1,94.2399122652464,0.24771840640779735,0.25119798343530086
relax4_std_0crash,4,4,2,0,49,1.0,1.0,1.0,1.0,0,0,500.0,930.0,2500.0,1,94.18888319331745,0.24877858655249452,0.25068596733661414
relax4_std_0crash,4,4,2,0,50,1.0,1.0,1.0,1.0,0,0,500.0,930.0,2500.0,1,94.31395916207862,0.25212620868570285,0.2512481203248703
relax4_std_0crash,4,4,2,0,51,1.0,1.0,1.0,1.0,0,0,500.0,930.0,2500.0,1,94.29494216243415,0.2500926563127748,0.2510544448289459
relax4_std_0crash,4,4,2,0,52,1.0,1.0,1.0,1.0,0,0,500.0,930.0,2500.0,1,94.28416850202689,0.25126593415977444,0.25094127099663655
relax4_std_0crash,4,4,2,0,53,1.0,1.0,1.0,1.0,0,0,500.0,930.0,2500.0,1,94.24224424951672,0.25174296950434105,0.25099311727046975
relax4_std_0crash,4,4,2,0,54,1.0,1.0,1.0,1.0,0,0,500.0,930.0,2500.0,1,94.29281084269564,0.25004368246016623,0.25105388646414467
relax4_std_0crash,4,4,2,0,55,1.0,1.0,1.0,1.0,0,0,500.0,930.0,2500.0,1,94.30071592251602,0.2515693095490602,0.2508394738686457
relax4_std_0crash,4,4,2,0,56,1.0,1.0,1.0,1.0,0,0,500.0,930.0,2500.0,1,94.29271870979665,0.2512749648017165,0.2511768443040299
relax4_std_0crash,4,4,2,0,57,1.0,1.0,1.0,1.0,0,0,500.0,930.0,2500.0,1,94.27060111504761,0.2505179107329324,0.25115420092739627
relax4_std_0crash,4,4,2,0,58,1.0,1.0,1.0,1.0,0,0,500.0,930.0,2500.0,1,94.28547240625767,0.2512748943650641,0.250911200111981
relax4_std_0crash,4,4,2,0,59,1.0,1.0,1.0,1.0,0,0,500.0,930.0,2500.0,1,94.26782908857172,0.24889634825569454,0.2513680331529338
relax4_std_0crash,4,4,2,0,60,1.0,1.0,1.0,1.0,0,0,500.0,930.0,2500.0,1,94.32136705519724,0.2505717434257143,0.2510665899006908
relax4_std_0crash,4,4,2,0,61,1.0,1.0,1.0,1.0,0,0,500.0,930.0,2500.0,1,94.29786766843176,0.2530394305858784,0.25098535412988165
relax4_std_0crash,4,4,2,0,62,1.0,1.0,1.0,1.0,0,0,500.0,930.0,2500.0,1,94.26713813332822,0.2512262808092732,0.25107376740749043
relax4_std_0crash,4,4,2,0,63,1.0,1.0,1.0,1.0,0,0,500.0,930.0,2500.0,1,94.24741613121955,0.2498140142901699,0.2507659980177261
relax4_std_0crash,4,4,2,0,64,1.0,1.0,1.0,1.0,0,0,500.0,930.0,2500.0,1,94.18848961455615,0.24929327007275023,0.2510005666189654
relax4_std_0crash,4,4,2,0,65,1.0,1.0,1.0,1.0,0,0,500.0,930.0,2500.0,1,94.2833676318794,0.2513285338419047,0.25086086619346365
relax4_std_0crash,4,4,2,0,66,1.0,1.0,1.0,1.0,0,0,500.0,930.0,2500.0,1,94.31624546786065,0.25260881832833376,0.2508967798519918
relax4_std_0crash,4,4,2,0,67,1.0,1.0,1.0,1.0,0,0,500.0,930.0,2500.0,1,94.26043574113146,0.24830572649086413,0.2508695100791837
relax4_std_0crash,4,4,2,0,68,1.0,1.0,1.0,1.0,0,0,500.0,930.0,2500.0,1,94.2793420283167,0.25027301246380507,0.2509395429466717
relax4_std_0crash,4,4,2,0,69,1.0,1.0,1.0,1.0,0,0,500.0,930.0,2500.0,1,94.31129232113335,0.2531135637021964,0.25103083693341666
relax4_std_0crash,4,4,2,0,70,1.0,1.0,1.0,1.0,0,0,500.0,930.0,2500.0,1,94.23936081387296,0.2517082637519436,0.25091411527069213
relax4_std_0crash,4,4,2,0,71,1.0,1.0,1.0,1.0,0,0,500.0,930.0,2500.0,1,94.22847451247344,0.25134872720051915,0.2512182890439686
relax4_std_0crash,4,4,2,0,72,1.0,1.0,1.0,1.0,0,0,500.0,930.0,2500.0,1,94.32205800648853,0.2542735371374302,0.2511796893304637
relax4_std_0crash,4,4,2,0,73,1.0,1.0,1.0,1.0,0,0,500.0,930.0,2500.0,1,94.28342325737185,0.24992702626842192,0.25084622129524814
relax4_std_0crash,4,4,2,0,74,1.0,1.0,1.0,1.0,0,0,500.0,930.0,2500.0,1,94.28314574682668,0.2521055469045137,0.25099935830407544
relax4_std_0crash,4,4,2,0,75,1.0,1.0,1.0,1.0,0,0,500.0,930.0,2500.0,1,94.2068377239807,0.2502831209221787,0.250891808366229
relax4_std_0crash,4,4,2,0,76,1.0,1.0,1.0,1.0,0,0,500.0,930.0,2500.0,1,94.25262859812938,0.2516743141819166,0.25085993724720745
relax4_std_0crash,4,4,2,0,77,1.0,1.0,1.0,1.0,0,0,500.0,930.0,2500.0,1,94.29329153192998,0.2517573616428095,0.25101592891046054
relax4_std_0crash,4,4,2,0,78,1.0,1.0,1.0,1.0,0,0,500.0,930.0,2500.0,1,94.27600266317495,0.2516897692238846,0.25116417790714196
relax4_std_0crash,4,4,2,0,79,1.0,1.0,1.0,1.0,0,0,500.0,930.0,2500.0,1,94.2613830772766,0.25031407393764876,0.25118219861890057
relax4_std_0crash,4,4,2,0,80,1.0,1.0,1.0,1.0,0,0,500.0,930.0,2500.0,1,94.23888989462807,0.25054072128475147,0.25091654109122596
relax4_std_0crash,4,4,2,0,81,1.0,1.0,1.0,1.0,0,0,500.0,930.0,2500.0,1,94.27684374413275,0.2519628835797229,0.25102370628146614
relax4_std_0crash,4,4,2,0,82,1.0,1.0,1.0,1.0,0,0,500.0,930.0,2500.0,1,94.20573937141785,0.2479733644506469,0.25111195555570587
relax4_std_0crash,4,4,2,0,83,1.0,1.0,1.0,1.0,0,0,500.0,930.0,2500.0,1,94.28364653778294,0.25331031769014783,0.25083877781608444
relax4_std_0crash,4,4,2,0,84,1.0,1.0,1.0,1.0,0,0,500.0,930.0,2500.0,1,94.21525253727827,0.2495561732844179,0.2511083465555572
relax4_std_0crash,4,4,2,0,85,1.0,1.0,1.0,1.0,0,0,500.0,930.0,2500.0,1,94.3118072008981,0.2533848725005031,0.2509472770960682
relax4_std_0crash,4,4,2,0,86,1.0,1.0,1.0,1.0,0,0,500.0,930.0,2500.0,1,94.2033700249799,0.2494761902639805,0.2511333304777537
relax4_std_0crash,4,4,2,0,87,1.0,1.0,1.0,1.0,0,0,500.0,930.0,2500.0,1,94.24197828184356,0.2505076480188568,0.25089515089187486
relax4_std_0crash,4,4,2,0,88,1.0,1.0,1.0,1.0,0,0,500.0,930.0,2500.0,1,94.30716015211169,0.25166054468575333,0.2512946413754783
relax4_std_0crash,4,4,2,0,89,1.0,1.0,1.0,1.0,0,0,500.0,930.0,2500.0,1,94.22419403189724,0.24984064588427748,0.2509971287769944
relax4_std_1crash,4,4,2,1,40,1.0,1.0,1.0,1.0,0,0,500.0,930.0,2500.0,1,94.29660697065924,0.2523521143221281,0.2508258533574572
relax4_std_1crash,4,4,2,1,41,1.0,1.0,1.0,1.0,0,0,500.0,930.0,2500.0,1,94.21161957198478,0.24777824981512334,0.25135987371608665
relax4_std_1crash,4,4,2,1,42,1.0,1.0,1.0,1.0,0,0,500.0,930.0,2500.0,1,94.24917768995897,0.25040026992462805,0.2509829654099025
relax4_std_1crash,4,4,2,1,43,1.0,1.0,1.0,1.0,0,0,500.0,930.0,2500.0,1,94.27926258372008,0.2511311170589961,0.2508226002099247
relax4_std_1crash,4,4,2,1,44,1.0,1.0,1.0,1.0,0,0,500.0,930.0,2500.0,1,94.22404642521701,0.25004225491005505,0.2510078734590869
relax4_std_1crash,4,4,2,1,45,1.0,1.0,1.0,1.0,0,0,500.0,930.0,2500.0,1,94.25863613611182,0.2516211245977953,0.25104744018336983
relax4_std_1crash,4,4,2,1,46,1.0,1.0,1.0,1.0,0,0,500.0,930.0,2500.0,1,94.29168734600171,0.25160691105120464,0.2506761798297049
relax4_std_1crash,4,4,2,1,47,1.0,1.0,1.0,1.0,0,0,500.0,930.0,2500.0,1,94.26081048750302,0.2517034209694646,0.2509716604332124
relax4_std_1crash,4,4,2,1,48,1.0,1.0,1.0,1.0,0,0,500.0,930.0,2500.0,1,94.2344714001938,0.24916252013454984,0.25101637226253215
relax4_std_1crash,4,4,2,1,49,1.0,1.0,1.0,1.0,0,0,500.0,930.0,2500.0,1,94.19151130357932,0.24879698328733627,0.2510176604502685
relax4_std_1crash,4,4,2,1,50,1.0,1.0,1.0,1.0,0,0,500.0,930.0,2500.0,1,94.30115588029798,0.25038197556896175,0.25108876556073667
relax4_std_1crash,4,4,2,1,51,1.0,1.0,1.0,1.0,0,0,500.0,930.0,2500.0,1,94.29256102841009,0.25140491211420635,0.2511627181553419
relax4_std_1crash,4,4,2,1,52,1.0,1.0,1.0,1.0,0,0,500.0,930.0,2500.0,1,94.28462780983955,0.2504212402853158,0.2508724954755252
relax4_std_1crash,4,4,2,1,53,1.0,1.0,1.0,1.0,0,0,500.0,930.0,2500.0,1,94.2629956150015,0.2513859161893602,0.25100897516278403
relax4_std_1crash,4,4,2,1,54,1.0,1.0,1.0,1.0,0,0,500.0,930.0,2500.0,1,94.2686518146254,0.2510739846454458,0.2509230576082641
relax4_std_1crash,4,4,2,1,55,1.0,1.0,1.0,1.0,0,0,500.0,930.0,2500.0,1,94.28796010851124,0.25244927278965307,0.2507258182047986
relax4_std_1crash,4,4,2,1,56,1.0,1.0,1.0,1.0,0,0,500.0,930.0,2500.0,1,94.22648171067885,0.24855218344518454,0.25102941814490637
relax4_std_1crash,4,4,2,1,57,1.0,1.0,1.0,1.0,0,0,500.0,930.0,2500.0,1,94.23697486943229,0.2507468108251908,0.25079601408435387
relax4_std_1crash,4,4,2,1,58,1.0,1.0,1.0,1.0,0,0,500.0,930.0,2500.0,1,94.25296609867905,0.25059231812049265,0.2512971285385703
relax4_std_1crash,4,4,2,1,59,1.0,1.0,1.0,1.0,0,0,500.0,930.0,2500.0,1,94.25974116922976,0.25061643370831604,0.25094288068384535
relax4_std_1crash,4,4,2,1,60,1.0,1.0,1.0,1.0,0,0,500.0,930.0,2500.0,1,94.33173436426955,0.2526153898271636,0.2509017801611676
relax4_std_1crash,4,4,2,1,61,1.0,1.0,1.0,1.0,0,0,500.0,930.0,2500.0,1,94.2672167935932,0.25047820152690736,0.25082171141445614
relax4_std_1crash,4,4,2,1,62,1.0,1.0,1.0,1.0,0,0,500.0,930.0,2500.0,1,94.25751176523227,0.25073743440786267,0.2509834855904709
relax4_std_1crash,4,4,2,1,63,1.0,1.0,1.0,1.0,0,0,500.0,930.0,2500.0,1,94.25064131156773,0.24963591013517544,0.25101294108567523
relax4_std_1crash,4,4,2,1,64,1.0,1.0,1.0,1.0,0,0,500.0,930.0,2500.0,1,94.24859251519433,0.24965678001415664,0.250933093802836
relax4_std_1crash,4,4,2,1,65,1.0,1.0,1.0,1.0,0,0,500.0,930.0,2500.0,1,94.25909958709826,0.252230164843588,0.25079663041173994
relax4_std_1crash,4,4,2,1,66,1.0,1.0,1.0,1.0,0,0,500.0,930.0,2500.0,1,94.26503659652644,0.249511794610813,0.25104986438549326
relax4_std_1crash,4,4,2,1,67,1.0,1.0,1.0,1.0,0,0,500.0,930.0,2500.0,1,94.24081222026348,0.2489849381743735,0.2510310216356066
relax4_std_1crash,4,4,2,1,68,1.0,1.0,1.0,1.0,0,0,500.0,930.0,2500.0,1,94.27815672983502,0.2511838487471922,0.2507941142688364
relax4_std_1crash,4,4,2,1,69,1.0,1.0,1.0,1.0,0,0,500.0,930.0,2500.0,1,94.3165010020848,0.254337576560495,0.2510282005168042
relax4_std_1crash,4,4,2,1,70,1.0,1.0,1.0,1.0,0,0,500.0,930.0,2500.0,1,94.21337860181757,0.24805258825553012,0.2508577874463025
relax4_std_1crash,4,4,2,1,71,1.0,1.0,1.0,1.0,0,0,500.0,930.0,2500.0,1,94.30008785387895,0.2523910134752063,0.25107136032054284
relax4_std_1crash,4,4,2,1,72,1.0,1.0,1.0,1.0,0,0,500.0,930.0,2500.0,1,94.31733173429961,0.2550157345014009,0.2513659168179893
relax4_std_1crash,4,4,2,1,73,1.0,1.0,1.0,1.0,0,0,500.0,930.0,2500.0,1,94.26174325199668,0.25162967309557066,0.2509203282774704
relax4_std_1crash,4,4,2,1,74,1.0,1.0,1.0,1.0,0,0,500.0,930.0,2500.0,1,94.23594064773874,0.24944952580437926,0.2508915039903995
relax4_std_1crash,4,4,2,1,75,1.0,1.0,1.0,1.0,0,0,500.0,930.0,2500.0,1,94.21916599268184,0.24927239538223142,0.2506632984878139
relax4_std_1crash,4,4,2,1,76,1.0,1.0,1.0,1.0,0,0,500.0,930.0,2500.0,1,94.224117501396,0.25028304043041155,0.25099348289067436
relax4_std_1crash,4,4,2,1,77,1.0,1.0,1.0,1.0,0,0,500.0,930.0,2500.0,1,94.32961854493601,0.2530461465751192,0.25102444029330806
relax4_std_1crash,4,4,2,1,78,1.0,1.0,1.0,1.0,0,0,500.0,930.0,2500.0,1,94.31861256551588,0.253075062248507,0.25109486724668384
relax4_std_1crash,4,4,2,1,79,1.0,1.0,1.0,1.0,0,0,500.0,930.0,2500.0,1,94.3180413819789,0.2522411290798934,0.25151154163407763
relax4_std_1crash,4,4,2,1,80,1.0,1.0,1.0,1.0,0,0,500.0,930.0,2500.0,1,94.24036578462483,0.24905715410056986,0.2512251325675183
relax4_std_1crash,4,4,2,1,81,1.0,1.0,1.0,1.0,0,0,500.0,930.0,2500.0,1,94.24170381612726,0.24991219249172553,0.2509395745768423
relax4_std_1crash,4,4,2,1,82,1.0,1.0,1.0,1.0,0,0,500.0,930.0,2500.0,1,94.22157968963552,0.24963788019402106,0.25099733234633326
relax4_std_1crash,4,4,2,1,83,1.0,1.0,1.0,1.0,0,0,500.0,930.0,2500.0,1,94.20201730750045,0.24850254489837117,0.2509607728976989
relax4_std_1crash,4,4,2,1,84,1.0,1.0,1.0,1.0,0,0,500.0,930.0,2500.0,1,94.231143286328,0.2501274318808277,0.2509581457310089
relax4_std_1crash,4,4,2,1,85,1.0,1.0,1.0,1.0,0,0,500.0,930.0,2500.0,1,94.2458541487938,0.25079317097177556,0.2509786312684311
relax4_std_1crash,4,4,2,1,86,1.0,1.0,1.0,1.0,0,0,500.0,930.0,2500.0,1,94.29434100994695,0.25237600611396727,0.2510179041572046
relax4_std_1crash,4,4,2,1,87,1.0,1.0,1.0,1.0,0,0,500.0,930.0,2500.0,1,94.31607855058701,0.2527318324054143,0.2509379807927514
relax4_std_1crash,4,4,2,1,88,1.0,1.0,1.0,1.0,0,0,500.0,930.0,2500.0,1,94.26949762303911,0.25125440425211015,0.2511691269410306
relax4_std_1crash,4,4,2,1,89,1.0,1.0,1.0,1.0,0,0,500.0,930.0,2500.0,1,94.2525292270841,0.2501370992243997,0.25091583646109095
relax3_std_2crash,3,4,2,2,40,0.6052631578947368,1.0,1.0,1.0,0,0,500.0,930.0,2500.0,1,94.66791173794923,0.2881656560233885,0.2501268882769127
relax3_std_2crash,3,4,2,2,41,0.6052631578947368,1.0,1.0,1.0,0,0,500.0,930.0,2500.0,1,94.61312202426802,0.28596116412704553,0.251372989982323
relax3_std_2crash,3,4,2,2,42,0.6052631578947368,1.0,1.0,1.0,0,0,500.0,930.0,2500.0,1,94.65233470602402,0.28676570755857905,0.2511648613427693
relax3_std_2crash,3,4,2,2,43,0.6052631578947368,1.0,1.0,1.0,0,0,500.0,930.0,2500.0,1,94.61195981750848,0.28908030612725527,0.2508312035571352
relax3_std_2crash,3,4,2,2,44,0.6052631578947368,1.0,1.0,1.0,0,0,500.0,930.0,2500.0,1,94.67704651277927,0.2893047591855671,0.2502082138777143
relax3_std_2crash,3,4,2,2,45,0.6052631578947368,1.0,1.0,1.0,0,0,500.0,930.0,2500.0,1,94.67424784121522,0.2879849028953909,0.25076545014127866
relax3_std_2crash,3,4,2,2,46,0.6052631578947368,1.0,1.0,1.0,0,0,500.0,930.0,2500.0,1,94.68182260440676,0.28851241976145975,0.2507733455572175
relax3_std_2crash,3,4,2,2,47,0.6052631578947368,1.0,1.0,1.0,0,0,500.0,930.0,2500.0,1,94.62283798906265,0.2880245943266413,0.25085831151922156
relax3_std_2crash,3,4,2,2,48,0.6052631578947368,1.0,1.0,1.0,0,0,500.0,930.0,2500.0,1,94.58387954365708,0.2856778846728813,0.2515144930271128
relax3_std_2crash,3,4,2,2,49,0.6052631578947368,1.0,1.0,1.0,0,0,500.0,930.0,2500.0,1,94.65348722870226,0.28978202324817465,0.2508440869367266
relax3_std_2crash,3,4,2,2,50,0.6052631578947368,1.0,1.0,1.0,0,0,500.0,930.0,2500.0,1,94.59769087858467,0.2874968084393799,0.25142634231893646
relax3_std_2crash,3,4,2,2,51,0.6052631578947368,1.0,1.0,1.0,0,0,500.0,930.0,2500.0,1,94.65181110556023,0.2868716488531256,0.2512799526847116
relax3_std_2crash,3,4,2,2,52,0.6052631578947368,1.0,1.0,1.0,0,0,500.0,930.0,2500.0,1,94.66388151413116,0.28904036705700986,0.2509038443324062
relax3_std_2crash,3,4,2,2,53,0.6052631578947368,1.0,1.0,1.0,0,0,500.0,930.0,2500.0,1,94.64453582418287,0.2893454011815966,0.25075451728358966
relax3_std_2crash,3,4,2,2,54,0.6052631578947368,1.0,1.0,1.0,0,0,500.0,930.0,2500.0,1,94.63818853663201,0.2877131223086315,0.2509550829997921
relax3_std_2crash,3,4,2,2,55,0.6052631578947368,1.0,1.0,1.0,0,0,500.0,930.0,2500.0,1,94.68150592922211,0.2885807148028308,0.2503486765539963
relax3_std_2crash,3,4,2,2,56,0.6052631578947368,1.0,1.0,1.0,0,0,500.0,930.0,2500.0,1,94.63301137474491,0.2865234012715862,0.2511971340682695
relax3_std_2crash,3,4,2,2,57,0.6052631578947368,1.0,1.0,1.0,0,0,500.0,930.0,2500.0,1,94.66804884458861,0.2892093089170879,0.2515049018410955
relax3_std_2crash,3,4,2,2,58,0.6038011695906432,1.0,1.0,1.0,0,0,500.0,930.0,2500.0,1,94.67803137520514,0.28815429281046606,0.2518140757988267
relax3_std_2crash,3,4,2,2,59,0.6052631578947368,1.0,1.0,1.0,0,0,500.0,930.0,2500.0,1,94.64833568537028,0.28740283771563635,0.251182296170626
relax3_std_2crash,3,4,2,2,60,0.6052631578947368,1.0,1.0,1.0,0,0,500.0,930.0,2500.0,1,94.63584939241446,0.2884470119003406,0.25104748164637664
relax3_std_2crash,3,4,2,2,61,0.6052631578947368,1.0,1.0,1.0,0,0,500.0,930.0,2500.0,1,94.56529727017437,0.2851675213709811,0.25096457396352234
relax3_std_2crash,3,4,2,2,62,0.6052631578947368,1.0,1.0,1.0,0,0,500.0,930.0,2500.0,1,94.66039828002226,0.28788191393798324,0.25165251282655676
relax3_std_2crash,3,4,2,2,63,0.6052631578947368,1.0,1.0,1.0,0,0,500.0,930.0,2500.0,1,94.63237085817605,0.2876890227411915,0.2513919036349448
relax3_std_2crash,3,4,2,2,64,0.6052631578947368,1.0,1.0,1.0,0,0,500.0,930.0,2500.0,1,94.66791150178483,0.2894340553356105,0.25102456697224473
relax3_std_2crash,3,4,2,2,65,0.6052631578947368,1.0,1.0,1.0,0,0,500.0,930.0,2500.0,1,94.66235135707211,0.28795633287225797,0.25041265218696557
relax3_std_2crash,3,4,2,2,66,0.6052631578947368,1.0,1.0,1.0,0,0,500.0,930.0,2500.0,1,94.62036240937505,0.28680783781888874,0.25078027685474613
relax3_std_2crash,3,4,2,2,67,0.6052631578947368,1.0,1.0,1.0,0,0,500.0,930.0,2500.0,1,94.64416810096986,0.28782360740638624,0.2505011604847666
relax3_std_2crash,3,4,2,2,68,0.6052631578947368,1.0,1.0,1.0,0,0,500.0,930.0,2500.0,1,94.64769369464989,0.28942534895207545,0.25076926401273475
relax3_std_2crash,3,4,2,2,69,0.6052631578947368,1.0,1.0,1.0,0,0,500.0,930.0,2500.0,1,94.6041576013422,0.2871431374000739,0.25086245428576687
relax3_std_2crash,3,4,2,2,70,0.6052631578947368,1.0,1.0,1.0,0,0,500.0,930.0,2500.0,1,94.60104185953264,0.28503398110680533,0.25073859280491606
relax3_std_2crash,3,4,2,2,71,0.6052631578947368,1.0,1.0,1.0,0,0,500.0,930.0,2500.0,1,94.61760512023898,0.2849106990831886,0.2508724872283601
relax3_std_2crash,3,4,2,2,72,0.6052631578947368,1.0,1.0,1.0,0,0,500.0,930.0,2500.0,1,94.6418286163705,0.28840738841775343,0.2512505836259777
relax3_std_2crash,3,4,2,2,73,0.6052631578947368,1.0,1.0,1.0,0,0,500.0,930.0,2500.0,1,94.61396024671126,0.28777875767817546,0.2508963759231845
relax3_std_2crash,3,4,2,2,74,0.6052631578947368,1.0,1.0,1.0,0,0,500.0,930.0,2500.0,1,94.62738723269331,0.2888773724193598,0.2509096872319402
relax3_std_2crash,3,4,2,2,75,0.6052631578947368,1.0,1.0,1.0,0,0,500.0,930.0,2500.0,1,94.64103120575601,0.2874224287602003,0.25109323527627053
relax3_std_2crash,3,4,2,2,76,0.6052631578947368,1.0,1.0,1.0,0,0,500.0,930.0,2500.0,1,94.58965834940659,0.2865904332591991,0.2506349829207085
relax3_std_2crash,3,4,2,2,77,0.6052631578947368,1.0,1.0,1.0,0,0,500.0,930.0,2500.0,1,94.61612493915686,0.2863226148807368,0.25094107149833383
relax3_std_2crash,3,4,2,2,78,0.6052631578947368,1.0,1.0,1.0,0,0,500.0,930.0,2500.0,1,94.61050450830476,0.2875499661520465,0.25150689979140584
relax3_std_2crash,3,4,2,2,79,0.6052631578947368,1.0,1.0,1.0,0,0,500.0,930.0,2500.0,1,94.6768124372345,0.2900846751265367,0.25141844112187806
relax3_std_2crash,3,4,2,2,80,0.6052631578947368,1.0,1.0,1.0,0,0,500.0,930.0,2500.0,1,94.66949086924387,0.28799230491088407,0.25112778323970764
relax3_std_2crash,3,4,2,2,81,0.6052631578947368,1.0,1.0,1.0,0,0,500.0,930.0,2500.0,1,94.61764615116408,0.2866010602346514,0.25117199223704756
relax3_std_2crash,3,4,2,2,82,0.6052631578947368,1.0,1.0,1.0,0,0,500.0,930.0,2500.0,1,94.58198948996755,0.28594060210374966,0.2508143730464214
relax3_std_2crash,3,4,2,2,83,0.6052631578947368,1.0,1.0,1.0,0,0,500.0,930.0,2500.0,1,94.62548685774823,0.28846223996954007,0.25041398550036414
relax3_std_2crash,3,4,2,2,84,0.6052631578947368,1.0,1.0,1.0,0,0,500.0,930.0,2500.0,1,94.67933424444732,0.2869652282644281,0.25100119501368234
relax3_std_2crash,3,4,2,2,85,0.6052631578947368,1.0,1.0,1.0,0,0,500.0,930.0,2500.0,1,94.69538702406317,0.28943756653975555,0.2510847773792476
relax3_std_2crash,3,4,2,2,86,0.6052631578947368,1.0,1.0,1.0,0,0,500.0,930.0,2500.0,1,94.6678182410194,0.2860211486532282,0.250654406758534
relax3_std_2crash,3,4,2,2,87,0.6052631578947368,1.0,1.0,1.0,0,0,500.0,930.0,2500.0,1,94.68716849946827,0.2889216913822963,0.251338098584641
relax3_std_2crash,3,4,2,2,88,0.6052631578947368,1.0,1.0,1.0,0,0,500.0,930.0,2500.0,1,94.64150069269272,0.287836852891034,0.25129961270033324
relax3_std_2crash,3,4,2,2,89,0.6052631578947368,1.0,1.0,1.0,0,0,500.0,930.0,2500.0,1,94.63514963353714,0.28774098166826145,0.2508403469787456
relax3_maj_2crash,3,3,3,2,40,1.0,1.0,1.0,1.0,0,0,500.0,930.0,2500.0,1,94.65781884705962,0.28862504548870016,0.287775109374706
relax3_maj_2crash,3,3,3,2,41,1.0,1.0,1.0,1.0,0,0,500.0,930.0,2500.0,1,94.6349596497214,0.2864214855235808,0.28782820617940524
relax3_maj_2crash,3,3,3,2,42,1.0,1.0,1.0,1.0,0,0,500.0,930.0,2500.0,1,94.64828867734877,0.2882560352745162,0.28740871989357164
relax3_maj_2crash,3,3,3,2,43,1.0,1.0,1.0,1.0,0,0,500.0,930.0,2500.0,1,94.65105869330864,0.28888130147545044,0.28774162198204506
relax3_maj_2crash,3,3,3,2,44,1.0,1.0,1.0,1.0,0,0,500.0,930.0,2500.0,1,94.58693919757934,0.28621705116931323,0.28825649865627284
relax3_maj_2crash,3,3,3,2,45,1.0,1.0,1.0,1.0,0,0,500.0,930.0,2500.0,1,94.68078441246735,0.2884913274420715,0.28791117927332976
relax3_maj_2crash,3,3,3,2,46,1.0,1.0,1.0,1.0,0,0,500.0,930.0,2500.0,1,94.60493616722783,0.28728197368754954,0.2879383986022929
relax3_maj_2crash,3,3,3,2,47,1.0,1.0,1.0,1.0,0,0,500.0,930.0,2500.0,1,94.61428996304335,0.2882333473646711,0.28796414700971995
relax3_maj_2crash,3,3,3,2,48,1.0,1.0,1.0,1.0,0,0,500.0,930.0,2500.0,1,94.6455242202494,0.2871342163345758,0.2877703375068323
relax3_maj_2crash,3,3,3,2,49,1.0,1.0,1.0,1.0,0,0,500.0,930.0,2500.0,1,94.65260697279928,0.2874030847086365,0.28766728160282773
relax3_maj_2crash,3,3,3,2,50,1.0,1.0,1.0,1.0,0,0,500.0,930.0,2500.0,1,94.67408545749299,0.2900947880318995,0.28814986834280043
relax3_maj_2crash,3,3,3,2,51,1.0,1.0,1.0,1.0,0,0,500.0,930.0,2500.0,1,94.64218495139471,0.28822104665958503,0.28784846972480793
relax3_maj_2crash,3,3,3,2,52,1.0,1.0,1.0,1.0,0,0,500.0,930.0,2500.0,1,94.617589941706,0.2864204853003858,0.287883924507324
relax3_maj_2crash,3,3,3,2,53,1.0,1.0,1.0,1.0,0,0,500.0,930.0,2500.0,1,94.62759475603639,0.2881779428155807,0.2880784379784174
relax3_maj_2crash,3,3,3,2,54,1.0,1.0,1.0,1.0,0,0,500.0,930.0,2500.0,1,94.66872243592047,0.2879549624809299,0.28793563311573833
relax3_maj_2crash,3,3,3,2,55,1.0,1.0,1.0,1.0,0,0,500.0,930.0,2500.0,1,94.64442268626021,0.28869632410661566,0.2876569886200217
relax3_maj_2crash,3,3,3,2,56,1.0,1.0,1.0,1.0,0,0,500.0,930.0,2500.0,1,94.63881418068149,0.28731786995284214,0.28823652696702085
relax3_maj_2crash,3,3,3,2,57,1.0,1.0,1.0,1.0,0,0,500.0,930.0,2500.0,1,94.62617733164257,0.2854201470787431,0.28787333819955513
relax3_maj_2crash,3,3,3,2,58,1.0,1.0,1.0,1.0,0,0,500.0,930.0,2500.0,1,94.65313293750728,0.2863715832265365,0.2877113826469767
relax3_maj_2crash,3,3,3,2,59,1.0,1.0,1.0,1.0,0,0,500.0,930.0,2500.0,1,94.64189571950305,0.28771736370882645,0.287755011765767
relax3_maj_2crash,3,3,3,2,60,1.0,1.0,1.0,1.0,0,0,500.0,930.0,2500.0,1,94.60398945174416,0.28662542766936705,0.2874596478117081
relax3_maj_2crash,3,3,3,2,61,1.0,1.0,1.0,1.0,0,0,500.0,930.0,2500.0,1,94.65180354944846,0.28735803070785637,0.28763203149383026
relax3_maj_2crash,3,3,3,2,62,1.0,1.0,1.0,1.0,0,0,500.0,930.0,2500.0,1,94.62618844122017,0.28596223760124534,0.28795953992588424
relax3_maj_2crash,3,3,3,2,63,1.0,1.0,1.0,1.0,0,0,500.0,930.0,2500.0,1,94.58226876541562,0.28643320227415847,0.2879128843775631
relax3_maj_2crash,3,3,3,2,64,1.0,1.0,1.0,1.0,0,0,500.0,930.0,2500.0,1,94.65763171424283,0.2894307858555568,0.2878578145186789
relax3_maj_2crash,3,3,3,2,65,1.0,1.0,1.0,1.0,0,0,500.0,930.0,2500.0,1,94.54419881305853,0.28668728607310134,0.2879323642405614
relax3_maj_2crash,3,3,3,2,66,1.0,1.0,1.0,1.0,0,0,500.0,930.0,2500.0,1,94.6135305082023,0.2857804509446337,0.2876321566439149
relax3_maj_2crash,3,3,3,2,67,1.0,1.0,1.0,1.0,0,0,500.0,930.0,2500.0,1,94.64806655247776,0.2892541090696398,0.2878693566828515
relax3_maj_2crash,3,3,3,2,68,1.0,1.0,1.0,1.0,0,0,500.0,930.0,2500.0,1,94.59260345437997,0.28609191488914115,0.28752403596009013
relax3_maj_2crash,3,3,3,2,69,1.0,1.0,1.0,1.0,0,0,500.0,930.0,2500.0,1,94.60182580245191,0.28474391349052763,0.28747663224361014
relax3_maj_2crash,3,3,3,2,70,1.0,1.0,1.0,1.0,0,0,500.0,930.0,2500.0,1,94.61898861107557,0.28667334721234183,0.2877232108684335
relax3_maj_2crash,3,3,3,2,71,1.0,1.0,1.0,1.0,0,0,500.0,930.0,2500.0,1,94.61702512738543,0.2879207028620342,0.2879737403569134
relax3_maj_2crash,3,3,3,2,72,1.0,1.0,1.0,1.0,0,0,500.0,930.0,2500.0,1,94.68673582380802,0.28812911906860955,0.2876029375946847
relax3_maj_2crash,3,3,3,2,73,1.0,1.0,1.0,1.0,0,0,500.0,930.0,2500.0,1,94.6035173844607,0.28910688800799367,0.2878620617640777
relax3_maj_2crash,3,3,3,2,74,1.0,1.0,1.0,1.0,0,0,500.0,930.0,2500.0,1,94.60133951207376,0.2876356929610132,0.2878472733808578
relax3_maj_2crash,3,3,3,2,75,1.0,1.0,1.0,1.0,0,0,500.0,930.0,2500.0,1,94.6781648354588,0.28888224337468993,0.28752896839344844
relax3_maj_2crash,3,3,3,2,76,1.0,1.0,1.0,1.0,0,0,500.0,930.0,2500.0,1,94.64760741649752,0.28730496787614357,0.2875820479276885
relax3_maj_2crash,3,3,3,2,77,1.0,1.0,1.0,1.0,0,0,500.0,930.0,2500.0,1,94.68237426746032,0.2900365613860005,0.288125138918643
relax3_maj_2crash,3,3,3,2,78,1.0,1.0,1.0,1.0,0,0,500.0,930.0,2500.0,1,94.65194354006917,0.28890305190191634,0.28812670080314534
relax3_maj_2crash,3,3,3,2,79,1.0,1.0,1.0,1.0,0,0,500.0,930.0,2500.0,1,94.67396127245456,0.28888604823673286,0.2880077664887822
relax3_maj_2crash,3,3,3,2,80,1.0,1.0,1.0,1.0,0,0,500.0,930.0,2500.0,1,94.58153471059654,0.28601006437832366,0.2875711401159612
relax3_maj_2crash,3,3,3,2,81,1.0,1.0,1.0,1.0,0,0,500.0,930.0,2500.0,1,94.65362252627415,0.28875287664581306,0.28781596697507195
relax3_maj_2crash,3,3,3,2,82,1.0,1.0,1.0,1.0,0,0,500.0,930.0,2500.0,1,94.61569282556457,0.28736303983872385,0.2881934974525611
relax3_maj_2crash,3,3,3,2,83,1.0,1.0,1.0,1.0,0,0,500.0,930.0,2500.0,1,94.58969796957581,0.28722924245222264,0.287724685125467
relax3_maj_2crash,3,3,3,2,84,1.0,1.0,1.0,1.0,0,0,500.0,930.0,2500.0,1,94.58107847777615,0.2835580472801766,0.2881767856886981
relax3_maj_2crash,3,3,3,2,85,1.0,1.0,1.0,1.0,0,0,500.0,930.0,2500.0,1,94.70072736300403,0.2906864354903339,0.2881404997456569
relax3_maj_2crash,3,3,3,2,86,1.0,1.0,1.0,1.0,0,0,500.0,930.0,2500.0,1,94.66493309505381,0.2862676907675674,0.2881167534904403
relax3_maj_2crash,3,3,3,2,87,1.0,1.0,1.0,1.0,0,0,500.0,930.0,2500.0,1,94.6353306567712,0.28858695572550846,0.28836388057006523
relax3_maj_2crash,3,3,3,2,88,1.0,1.0,1.0,1.0,0,0,500.0,930.0,2500.0,1,94.66356998537594,0.2871683387178727,0.2878767005864001
relax3_maj_2crash,3,3,3,2,89,1.0,1.0,1.0,1.0,0,0,500.0,930.0,2500.0,1,94.61019657529823,0.28606369116280067,0.2881820997822507
